"url","status","http_status","final_url","occurrences","example_sources","error"
"site_libs/quarto-nav/quarto-nav.js","local_ok","","","10","docs/about.html[html] | docs/curation-methods.html[html] | docs/datasets.html[html] | docs/index.html[html] | docs/integrated-resources.html[html]",""
"site_libs/quarto-nav/headroom.min.js","local_ok","","","10","docs/about.html[html] | docs/curation-methods.html[html] | docs/datasets.html[html] | docs/index.html[html] | docs/integrated-resources.html[html]",""
"site_libs/clipboard/clipboard.min.js","local_ok","","","10","docs/about.html[html] | docs/curation-methods.html[html] | docs/datasets.html[html] | docs/index.html[html] | docs/integrated-resources.html[html]",""
"site_libs/quarto-search/autocomplete.umd.js","local_ok","","","10","docs/about.html[html] | docs/curation-methods.html[html] | docs/datasets.html[html] | docs/index.html[html] | docs/integrated-resources.html[html]",""
"site_libs/quarto-search/fuse.min.js","local_ok","","","10","docs/about.html[html] | docs/curation-methods.html[html] | docs/datasets.html[html] | docs/index.html[html] | docs/integrated-resources.html[html]",""
"site_libs/quarto-search/quarto-search.js","local_ok","","","10","docs/about.html[html] | docs/curation-methods.html[html] | docs/datasets.html[html] | docs/index.html[html] | docs/integrated-resources.html[html]",""
"site_libs/quarto-html/quarto.js","local_ok","","","10","docs/about.html[html] | docs/curation-methods.html[html] | docs/datasets.html[html] | docs/index.html[html] | docs/integrated-resources.html[html]",""
"site_libs/quarto-html/tabsets/tabsets.js","local_ok","","","10","docs/about.html[html] | docs/curation-methods.html[html] | docs/datasets.html[html] | docs/index.html[html] | docs/integrated-resources.html[html]",""
"site_libs/quarto-html/popper.min.js","local_ok","","","10","docs/about.html[html] | docs/curation-methods.html[html] | docs/datasets.html[html] | docs/index.html[html] | docs/integrated-resources.html[html]",""
"site_libs/quarto-html/tippy.umd.min.js","local_ok","","","10","docs/about.html[html] | docs/curation-methods.html[html] | docs/datasets.html[html] | docs/index.html[html] | docs/integrated-resources.html[html]",""
"site_libs/quarto-html/anchor.min.js","local_ok","","","10","docs/about.html[html] | docs/curation-methods.html[html] | docs/datasets.html[html] | docs/index.html[html] | docs/integrated-resources.html[html]",""
"site_libs/quarto-html/tippy.css","local_ok","","","10","docs/about.html[html] | docs/curation-methods.html[html] | docs/datasets.html[html] | docs/index.html[html] | docs/integrated-resources.html[html]",""
"site_libs/quarto-html/quarto-syntax-highlighting-845c23b38eaddc0f92fda52bfe77a8c8.css","local_ok","","","10","docs/about.html[html] | docs/curation-methods.html[html] | docs/datasets.html[html] | docs/index.html[html] | docs/integrated-resources.html[html]",""
"site_libs/bootstrap/bootstrap.min.js","local_ok","","","10","docs/about.html[html] | docs/curation-methods.html[html] | docs/datasets.html[html] | docs/index.html[html] | docs/integrated-resources.html[html]",""
"site_libs/bootstrap/bootstrap-icons.css","local_ok","","","10","docs/about.html[html] | docs/curation-methods.html[html] | docs/datasets.html[html] | docs/index.html[html] | docs/integrated-resources.html[html]",""
"site_libs/bootstrap/bootstrap-12b2063343efa455fa6c31bdd6356f0d.min.css","local_ok","","","10","docs/about.html[html] | docs/curation-methods.html[html] | docs/datasets.html[html] | docs/index.html[html] | docs/integrated-resources.html[html]",""
"styles.css","local_ok","","","10","docs/about.html[html] | docs/curation-methods.html[html] | docs/datasets.html[html] | docs/index.html[html] | docs/integrated-resources.html[html]",""
"./index.html","local_ok","","","20","docs/about.html[html] | docs/about.html[html] | docs/curation-methods.html[html] | docs/curation-methods.html[html] | docs/datasets.html[html]",""
"./datasets.html","local_ok","","","12","docs/about.html[html] | docs/curation-methods.html[html] | docs/datasets.html[html] | docs/index.html[html] | docs/index.html[html]",""
"./integrated-resources.html","local_ok","","","11","docs/about.html[html] | docs/curation-methods.html[html] | docs/datasets.html[html] | docs/index.html[html] | docs/index.html[html]",""
"./omics-layers.html","local_ok","","","13","docs/about.html[html] | docs/about.html[html] | docs/curation-methods.html[html] | docs/datasets.html[html] | docs/index.html[html]",""
"./repositories.html","local_ok","","","11","docs/about.html[html] | docs/curation-methods.html[html] | docs/datasets.html[html] | docs/index.html[html] | docs/index.html[html]",""
"./use-cases.html","local_ok","","","12","docs/about.html[html] | docs/curation-methods.html[html] | docs/datasets.html[html] | docs/index.html[html] | docs/index.html[html]",""
"./verification-queue.html","local_ok","","","12","docs/about.html[html] | docs/curation-methods.html[html] | docs/datasets.html[html] | docs/index.html[html] | docs/index.html[html]",""
"./orchestrator.html","local_ok","","","12","docs/about.html[html] | docs/curation-methods.html[html] | docs/datasets.html[html] | docs/index.html[html] | docs/index.html[html]",""
"./curation-methods.html","local_ok","","","14","docs/about.html[html] | docs/about.html[html] | docs/curation-methods.html[html] | docs/datasets.html[html] | docs/index.html[html]",""
"./about.html","local_ok","","","11","docs/about.html[html] | docs/curation-methods.html[html] | docs/datasets.html[html] | docs/index.html[html] | docs/index.html[html]",""
"https://github.com/dahhamalsoud","ok","200","https://github.com/dahhamalsoud","2","docs/about.html[html] | docs/curation-methods.html[html]",""
"https://scholar.google.com/citations?user=L_Vs-00AAAAJ&amp;hl=en","ok","200","https://scholar.google.com/citations?user=L_Vs-00AAAAJ&amp;hl=en","1","docs/about.html[html]",""
"site-tables.js?v=20260510-7","local_ok","","","10","docs/about.html[html] | docs/curation-methods.html[html] | docs/datasets.html[html] | docs/index.html[html] | docs/integrated-resources.html[html]",""
"site_libs/quarto-html/zenscroll-min.js","local_ok","","","10","docs/about.html[html] | docs/curation-methods.html[html] | docs/datasets.html[html] | docs/index.html[html] | docs/integrated-resources.html[html]",""
"data/cohort_overlap_audit.csv","local_ok","","","1","docs/curation-methods.html[html]",""
"data/protect_overlap_review.csv","local_ok","","","1","docs/curation-methods.html[html]",""
"data/risk_overlap_review.csv","local_ok","","","1","docs/curation-methods.html[html]",""
"data/ibd200_overlap_review.csv","local_ok","","","1","docs/curation-methods.html[html]",""
"data/therapeutic_overlap_review.csv","local_ok","","","1","docs/curation-methods.html[html]",""
"data/verification/unclear_countability_review_pack.csv","local_ok","","","1","docs/curation-methods.html[html]",""
"data/verification/study_family_completeness_qa.csv","local_ok","","","1","docs/curation-methods.html[html]",""
"data/verification/cohort_counting_qa_report.csv","local_ok","","","1","docs/curation-methods.html[html]",""
"data/verification/remaining_unclear_consistency_audit.csv","local_ok","","","1","docs/curation-methods.html[html]",""
"data/verification/protect_methylation_crosswalk.csv","local_ok","","","1","docs/curation-methods.html[html]",""
"data/verification/risk_countability_policy_review.csv","local_ok","","","1","docs/curation-methods.html[html]",""
"data/verification/sp140_donor_crosswalk.csv","local_ok","","","1","docs/curation-methods.html[html]",""
"data/verification/ds035_gwas_countability_policy_review.csv","local_ok","","","1","docs/curation-methods.html[html]",""
"data/verification/ds061_ds088_infliximab_crosswalk.csv","local_ok","","","1","docs/curation-methods.html[html]",""
"https://www.ncbi.nlm.nih.gov/geo/","ok","200","https://www.ncbi.nlm.nih.gov/geo/","2","docs/curation-methods.html[html] | docs/repositories.html[html]",""
"https://www.ncbi.nlm.nih.gov/sra","ok","200","https://www.ncbi.nlm.nih.gov/sra","1","docs/curation-methods.html[html]",""
"https://www.ebi.ac.uk/pride/","ok","200","https://www.ebi.ac.uk/pride/","2","docs/curation-methods.html[html] | docs/repositories.html[html]",""
"https://massive.ucsd.edu/","ok","200","https://massive.ucsd.edu/ProteoSAFe/","2","docs/curation-methods.html[html] | docs/repositories.html[html]",""
"https://www.metabolomicsworkbench.org/","ok","200","https://www.metabolomicsworkbench.org/","2","docs/curation-methods.html[html] | docs/repositories.html[html]",""
"https://www.ncbi.nlm.nih.gov/gap/","ok","200","https://dbgap.ncbi.nlm.nih.gov/home/","2","docs/curation-methods.html[html] | docs/repositories.html[html]",""
"https://www.ebi.ac.uk/gwas/","ok","200","https://www.ebi.ac.uk/gwas/","2","docs/curation-methods.html[html] | docs/repositories.html[html]",""
"https://cellxgene.cziscience.com/","ok","200","https://cellxgene.cziscience.com/","2","docs/curation-methods.html[html] | docs/repositories.html[html]",""
"https://www.humancellatlas.org/","ok","200","https://www.humancellatlas.org/","2","docs/curation-methods.html[html] | docs/repositories.html[html]",""
"https://ibdmdb.org/","ok","200","https://ibdmdb.org/","2","docs/curation-methods.html[html] | docs/repositories.html[html]",""
"https://www.ibdgenetics.org/","ok","200","https://www.ibdgenetics.org/","2","docs/curation-methods.html[html] | docs/repositories.html[html]",""
"https://platform.opentargets.org/","ok","200","https://platform.opentargets.org/","1","docs/curation-methods.html[html]",""
"https://www.finngen.fi/","ok","200","https://www.finngen.fi/en","1","docs/curation-methods.html[html]",""
"https://www.ukbiobank.ac.uk/","access_restricted","403","","1","docs/curation-methods.html[html]","The remote server returned an error: (403) Forbidden."
"./omics-layers.html#bulk-transcriptomics","local_ok","","","1","docs/index.html[html]",""
"./omics-layers.html#single-cell-transcriptomics","local_ok","","","1","docs/index.html[html]",""
"./omics-layers.html#spatial-transcriptomics","local_ok","","","1","docs/index.html[html]",""
"./omics-layers.html#microbiome","local_ok","","","1","docs/index.html[html]",""
"./omics-layers.html#proteomics","local_ok","","","1","docs/index.html[html]",""
"./omics-layers.html#metabolomics","local_ok","","","1","docs/index.html[html]",""
"./omics-layers.html#methylation","local_ok","","","1","docs/index.html[html]",""
"./omics-layers.html#genetics","local_ok","","","2","docs/index.html[html] | docs/index.html[html]",""
"https://www.ncbi.nlm.nih.gov/sra/","ok","200","https://www.ncbi.nlm.nih.gov/sra/","1","docs/repositories.html[html]",""
"https://www.ebi.ac.uk/biostudies/submissions/","ok","200","https://www.ebi.ac.uk/biostudies/submissions/","1","docs/repositories.html[html]",""
"https://genetics.opentargets.org/","ok","200","https://platform.opentargets.org/?from=genetics","1","docs/repositories.html[html]",""
"https://r10.finngen.fi/","ok","200","https://r10.finngen.fi/","1","docs/repositories.html[html]",""
"https://ibdmdb.org","ok","200","https://ibdmdb.org/","1","data/ibd_omics_datasets.csv[DS001:dataset_url]",""
"https://www.nature.com/articles/s41586-019-1237-9","ok","200","https://www.nature.com/articles/s41586-019-1237-9","2","data/ibd_omics_datasets.csv[DS001:publication_url] | data/ibd_omics_datasets.csv[DS001:evidence_url]",""
"https://www.ncbi.nlm.nih.gov/geo/query/acc.cgi?acc=GSE111889","ok","200","https://www.ncbi.nlm.nih.gov/geo/query/acc.cgi?acc=GSE111889","1","data/ibd_omics_datasets.csv[DS001:evidence_url]",""
"https://www.ncbi.nlm.nih.gov/projects/gap/cgi-bin/study.cgi?study_id=phs001626.v1.p1","ok","200","https://www.ncbi.nlm.nih.gov/projects/gap/cgi-bin/study.cgi?study_id=phs001626.v1.p1","1","data/ibd_omics_datasets.csv[DS001:evidence_url]",""
"https://www.ncbi.nlm.nih.gov/bioproject/398089","ok","200","https://www.ncbi.nlm.nih.gov/bioproject/398089","1","data/ibd_omics_datasets.csv[DS001:evidence_url]",""
"https://www.ncbi.nlm.nih.gov/geo/query/acc.cgi?acc=GSE193677","ok","200","https://www.ncbi.nlm.nih.gov/geo/query/acc.cgi?acc=GSE193677","2","data/ibd_omics_datasets.csv[DS003:dataset_url] | data/ibd_omics_datasets.csv[DS003:evidence_url]",""
"https://pubmed.ncbi.nlm.nih.gov/36109152/","ok","200","https://pubmed.ncbi.nlm.nih.gov/36109152/","4","data/ibd_omics_datasets.csv[DS003:publication_url] | data/ibd_omics_datasets.csv[DS003:evidence_url] | data/ibd_omics_datasets.csv[DS109:publication_url] | data/ibd_omics_datasets.csv[DS109:evidence_url]",""
"https://www.ncbi.nlm.nih.gov/geo/query/acc.cgi?acc=GSE235236","ok","200","https://www.ncbi.nlm.nih.gov/geo/query/acc.cgi?acc=GSE235236","2","data/ibd_omics_datasets.csv[DS004:dataset_url] | data/ibd_omics_datasets.csv[DS004:evidence_url]",""
"https://pubmed.ncbi.nlm.nih.gov/37495570/","ok","200","https://pubmed.ncbi.nlm.nih.gov/37495570/","6","data/ibd_omics_datasets.csv[DS004:publication_url] | data/ibd_omics_datasets.csv[DS004:evidence_url] | data/ibd_omics_datasets.csv[DS017:publication_url] | data/ibd_omics_datasets.csv[DS017:evidence_url] | data/ibd_omics_datasets.csv[DS018:publication_url]",""
"https://www.ncbi.nlm.nih.gov/geo/query/acc.cgi?acc=GSE57945","ok","200","https://www.ncbi.nlm.nih.gov/geo/query/acc.cgi?acc=GSE57945","2","data/ibd_omics_datasets.csv[DS005:dataset_url] | data/ibd_omics_datasets.csv[DS005:evidence_url]",""
"https://pubmed.ncbi.nlm.nih.gov/25003194/","ok","200","https://pubmed.ncbi.nlm.nih.gov/25003194/","2","data/ibd_omics_datasets.csv[DS005:publication_url] | data/ibd_omics_datasets.csv[DS005:evidence_url]",""
"https://www.ncbi.nlm.nih.gov/geo/query/acc.cgi?acc=GSE10616","ok","200","https://www.ncbi.nlm.nih.gov/geo/query/acc.cgi?acc=GSE10616","2","data/ibd_omics_datasets.csv[DS006:dataset_url] | data/ibd_omics_datasets.csv[DS006:evidence_url]",""
"https://pubmed.ncbi.nlm.nih.gov/18758464/","ok","200","https://pubmed.ncbi.nlm.nih.gov/18758464/","2","data/ibd_omics_datasets.csv[DS006:publication_url] | data/ibd_omics_datasets.csv[DS006:evidence_url]",""
"https://www.ncbi.nlm.nih.gov/geo/query/acc.cgi?acc=GSE126124","ok","200","https://www.ncbi.nlm.nih.gov/geo/query/acc.cgi?acc=GSE126124","2","data/ibd_omics_datasets.csv[DS007:dataset_url] | data/ibd_omics_datasets.csv[DS007:evidence_url]",""
"https://pubmed.ncbi.nlm.nih.gov/31618209/","ok","200","https://pubmed.ncbi.nlm.nih.gov/31618209/","2","data/ibd_omics_datasets.csv[DS007:publication_url] | data/ibd_omics_datasets.csv[DS007:evidence_url]",""
"https://www.ncbi.nlm.nih.gov/geo/query/acc.cgi?acc=GSE36807","ok","200","https://www.ncbi.nlm.nih.gov/geo/query/acc.cgi?acc=GSE36807","2","data/ibd_omics_datasets.csv[DS008:dataset_url] | data/ibd_omics_datasets.csv[DS008:evidence_url]",""
"https://pubmed.ncbi.nlm.nih.gov/24155895/","ok","200","https://pubmed.ncbi.nlm.nih.gov/24155895/","2","data/ibd_omics_datasets.csv[DS008:publication_url] | data/ibd_omics_datasets.csv[DS008:evidence_url]",""
"https://www.ncbi.nlm.nih.gov/geo/query/acc.cgi?acc=GSE6731","ok","200","https://www.ncbi.nlm.nih.gov/geo/query/acc.cgi?acc=GSE6731","2","data/ibd_omics_datasets.csv[DS009:dataset_url] | data/ibd_omics_datasets.csv[DS009:evidence_url]",""
"https://pubmed.ncbi.nlm.nih.gov/17262812/","ok","200","https://pubmed.ncbi.nlm.nih.gov/17262812/","2","data/ibd_omics_datasets.csv[DS009:publication_url] | data/ibd_omics_datasets.csv[DS009:evidence_url]",""
"https://www.ncbi.nlm.nih.gov/geo/query/acc.cgi?acc=GSE1710","ok","200","https://www.ncbi.nlm.nih.gov/geo/query/acc.cgi?acc=GSE1710","2","data/ibd_omics_datasets.csv[DS010:dataset_url] | data/ibd_omics_datasets.csv[DS010:evidence_url]",""
"https://pubmed.ncbi.nlm.nih.gov/16107186/","ok","200","https://pubmed.ncbi.nlm.nih.gov/16107186/","2","data/ibd_omics_datasets.csv[DS010:publication_url] | data/ibd_omics_datasets.csv[DS010:evidence_url]",""
"https://www.ncbi.nlm.nih.gov/geo/query/acc.cgi?acc=GSE59071","ok","200","https://www.ncbi.nlm.nih.gov/geo/query/acc.cgi?acc=GSE59071","3","data/ibd_omics_datasets.csv[DS011:dataset_url] | data/ibd_omics_datasets.csv[DS011:evidence_url] | data/resource_coverage.csv[DS011:evidence_url]",""
"https://pubmed.ncbi.nlm.nih.gov/26313692/","ok","200","https://pubmed.ncbi.nlm.nih.gov/26313692/","2","data/ibd_omics_datasets.csv[DS011:publication_url] | data/ibd_omics_datasets.csv[DS011:evidence_url]",""
"https://www.ncbi.nlm.nih.gov/geo/query/acc.cgi?acc=GSE11499","ok","200","https://www.ncbi.nlm.nih.gov/geo/query/acc.cgi?acc=GSE11499","2","data/ibd_omics_datasets.csv[DS012:dataset_url] | data/ibd_omics_datasets.csv[DS012:evidence_url]",""
"https://www.ncbi.nlm.nih.gov/geo/query/acc.cgi?acc=GSE94648","ok","200","https://www.ncbi.nlm.nih.gov/geo/query/acc.cgi?acc=GSE94648","2","data/ibd_omics_datasets.csv[DS013:dataset_url] | data/ibd_omics_datasets.csv[DS013:evidence_url]",""
"https://pubmed.ncbi.nlm.nih.gov/28981629/","ok","200","https://pubmed.ncbi.nlm.nih.gov/28981629/","2","data/ibd_omics_datasets.csv[DS013:publication_url] | data/ibd_omics_datasets.csv[DS013:evidence_url]",""
"https://www.ncbi.nlm.nih.gov/geo/query/acc.cgi?acc=GSE75214","ok","200","https://www.ncbi.nlm.nih.gov/geo/query/acc.cgi?acc=GSE75214","2","data/ibd_omics_datasets.csv[DS014:dataset_url] | data/ibd_omics_datasets.csv[DS014:evidence_url]",""
"https://pubmed.ncbi.nlm.nih.gov/28885228/","ok","200","https://pubmed.ncbi.nlm.nih.gov/28885228/","2","data/ibd_omics_datasets.csv[DS014:publication_url] | data/ibd_omics_datasets.csv[DS014:evidence_url]",""
"https://www.ncbi.nlm.nih.gov/geo/query/acc.cgi?acc=GSE48958","ok","200","https://www.ncbi.nlm.nih.gov/geo/query/acc.cgi?acc=GSE48958","2","data/ibd_omics_datasets.csv[DS015:dataset_url] | data/ibd_omics_datasets.csv[DS015:evidence_url]",""
"https://pubmed.ncbi.nlm.nih.gov/25546151/","ok","200","https://pubmed.ncbi.nlm.nih.gov/25546151/","2","data/ibd_omics_datasets.csv[DS015:publication_url] | data/ibd_omics_datasets.csv[DS015:evidence_url]",""
"https://www.ncbi.nlm.nih.gov/geo/query/acc.cgi?acc=GSE179285","ok","200","https://www.ncbi.nlm.nih.gov/geo/query/acc.cgi?acc=GSE179285","2","data/ibd_omics_datasets.csv[DS016:dataset_url] | data/ibd_omics_datasets.csv[DS016:evidence_url]",""
"https://pubmed.ncbi.nlm.nih.gov/34561227/","ok","200","https://pubmed.ncbi.nlm.nih.gov/34561227/","2","data/ibd_omics_datasets.csv[DS016:publication_url] | data/ibd_omics_datasets.csv[DS016:evidence_url]",""
"https://www.ncbi.nlm.nih.gov/geo/query/acc.cgi?acc=GSE214695","ok","200","https://www.ncbi.nlm.nih.gov/geo/query/acc.cgi?acc=GSE214695","3","data/ibd_omics_datasets.csv[DS017:dataset_url] | data/ibd_omics_datasets.csv[DS017:evidence_url] | data/resource_coverage.csv[DS017:evidence_url]",""
"https://cellxgene.cziscience.com/collections/7c7bd6c2-925b-4034-baab-620ef1b760e1","ok","200","https://cellxgene.cziscience.com/collections/7c7bd6c2-925b-4034-baab-620ef1b760e1","3","data/ibd_omics_datasets.csv[DS017:evidence_url] | data/integrated_resources.csv[IR003:evidence_url] | data/resource_coverage.csv[DS017:evidence_url]",""
"https://www.ncbi.nlm.nih.gov/geo/query/acc.cgi?acc=GSE234713","ok","200","https://www.ncbi.nlm.nih.gov/geo/query/acc.cgi?acc=GSE234713","2","data/ibd_omics_datasets.csv[DS018:dataset_url] | data/ibd_omics_datasets.csv[DS018:evidence_url]",""
"https://www.ncbi.nlm.nih.gov/geo/query/acc.cgi?acc=GSE282122","ok","200","https://www.ncbi.nlm.nih.gov/geo/query/acc.cgi?acc=GSE282122","2","data/ibd_omics_datasets.csv[DS019:dataset_url] | data/ibd_omics_datasets.csv[DS019:evidence_url]",""
"https://pubmed.ncbi.nlm.nih.gov/39438660/","ok","200","https://pubmed.ncbi.nlm.nih.gov/39438660/","2","data/ibd_omics_datasets.csv[DS019:publication_url] | data/ibd_omics_datasets.csv[DS019:evidence_url]",""
"https://www.ncbi.nlm.nih.gov/geo/query/acc.cgi?acc=GSE134809","ok","200","https://www.ncbi.nlm.nih.gov/geo/query/acc.cgi?acc=GSE134809","4","data/ibd_omics_datasets.csv[DS020:dataset_url] | data/ibd_omics_datasets.csv[DS020:evidence_url] | data/resource_coverage.csv[DS020:evidence_url] | data/resource_coverage.csv[DS020:evidence_url]",""
"https://doi.org/10.1016/j.cell.2019.08.008","ok","200","https://linkinghub.elsevier.com/retrieve/pii/S0092867419308967","2","data/ibd_omics_datasets.csv[DS020:publication_url] | data/ibd_omics_datasets.csv[DS020:evidence_url]",""
"https://pubmed.ncbi.nlm.nih.gov/31474370/","ok","200","https://pubmed.ncbi.nlm.nih.gov/31474370/","1","data/ibd_omics_datasets.csv[DS020:evidence_url]",""
"https://explore.data.humancellatlas.org/projects/9dd91b6e-7c62-49d3-a3d4-74f603deffdb","ok","200","https://explore.data.humancellatlas.org/projects/9dd91b6e-7c62-49d3-a3d4-74f603deffdb","2","data/ibd_omics_datasets.csv[DS021:dataset_url] | data/ibd_omics_datasets.csv[DS021:evidence_url]",""
"https://doi.org/10.1093/ibd/izac201","access_restricted","403","","2","data/ibd_omics_datasets.csv[DS021:publication_url] | data/ibd_omics_datasets.csv[DS021:evidence_url]","The remote server returned an error: (403) Forbidden."
"https://www.ebi.ac.uk/pride/archive/projects/PXD033158","ok","200","https://www.ebi.ac.uk/pride/archive/projects/PXD033158","1","data/ibd_omics_datasets.csv[DS023:dataset_url]",""
"https://doi.org/10.1002/prca.202300075","access_restricted","403","","2","data/ibd_omics_datasets.csv[DS023:publication_url] | data/ibd_omics_datasets.csv[DS023:evidence_url]","The remote server returned an error: (403) Forbidden."
"https://proteomecentral.proteomexchange.org/cgi/GetDataset?ID=PXD033158","ok","200","https://proteomecentral.proteomexchange.org/cgi/GetDataset?ID=PXD033158","1","data/ibd_omics_datasets.csv[DS023:evidence_url]",""
"https://massive.ucsd.edu/ProteoSAFe/dataset.jsp?task=b0d934d3f9fd47e8809eae2bc9b0a144","ok","200","https://massive.ucsd.edu/ProteoSAFe/dataset.jsp?task=b0d934d3f9fd47e8809eae2bc9b0a144","1","data/ibd_omics_datasets.csv[DS023:evidence_url]",""
"https://pubmed.ncbi.nlm.nih.gov/38552248/","ok","200","https://pubmed.ncbi.nlm.nih.gov/38552248/","1","data/ibd_omics_datasets.csv[DS023:evidence_url]",""
"https://proteomecentral.proteomexchange.org/cgi/GetDataset?ID=PXD010371","ok","200","https://proteomecentral.proteomexchange.org/cgi/GetDataset?ID=PXD010371","2","data/ibd_omics_datasets.csv[DS024:dataset_url] | data/ibd_omics_datasets.csv[DS024:evidence_url]",""
"https://doi.org/10.1016/j.jprot.2019.04.009","ok","200","https://linkinghub.elsevier.com/retrieve/pii/S1874391919301137","2","data/ibd_omics_datasets.csv[DS024:publication_url] | data/ibd_omics_datasets.csv[DS024:evidence_url]",""
"https://pubmed.ncbi.nlm.nih.gov/31009805/","ok","200","https://pubmed.ncbi.nlm.nih.gov/31009805/","1","data/ibd_omics_datasets.csv[DS024:evidence_url]",""
"https://proteomecentral.proteomexchange.org/cgi/GetDataset?ID=PXD001608","ok","200","https://proteomecentral.proteomexchange.org/cgi/GetDataset?ID=PXD001608","2","data/ibd_omics_datasets.csv[DS025:dataset_url] | data/ibd_omics_datasets.csv[DS025:evidence_url]",""
"https://doi.org/10.1097/MIB.0000000000000460","access_restricted","403","","2","data/ibd_omics_datasets.csv[DS025:publication_url] | data/ibd_omics_datasets.csv[DS025:evidence_url]","The remote server returned an error: (403) Forbidden."
"https://www.omicsdi.org/dataset/pride/PXD001608","ok","200","https://www.omicsdi.org/dataset/pride/PXD001608","1","data/ibd_omics_datasets.csv[DS025:evidence_url]",""
"https://pubmed.ncbi.nlm.nih.gov/25993694/","ok","200","https://pubmed.ncbi.nlm.nih.gov/25993694/","1","data/ibd_omics_datasets.csv[DS025:evidence_url]",""
"https://massive.ucsd.edu/ProteoSAFe/QueryMSV?id=MSV000086509","ok","200","https://massive.ucsd.edu/ProteoSAFe/dataset.jsp?task=d0a07b82a22048eb9870731e1412726c","1","data/ibd_omics_datasets.csv[DS026:dataset_url]",""
"https://doi.org/10.1186/s40168-022-01331-x","ok","200","https://microbiomejournal.biomedcentral.com/articles/10.1186/s40168-022-01331-x","2","data/ibd_omics_datasets.csv[DS026:publication_url] | data/ibd_omics_datasets.csv[DS026:evidence_url]",""
"https://massive.ucsd.edu/ProteoSAFe/proxi/v0.1/datasets/MSV000086509","ok","200","https://massive.ucsd.edu/ProteoSAFe/proxi/v0.1/datasets/MSV000086509","1","data/ibd_omics_datasets.csv[DS026:evidence_url]",""
"https://pubmed.ncbi.nlm.nih.gov/35999575/","ok","200","https://pubmed.ncbi.nlm.nih.gov/35999575/","1","data/ibd_omics_datasets.csv[DS026:evidence_url]",""
"https://www.metabolomicsworkbench.org/data/DRCCMetadata.php?StudyID=ST002470","ok","200","https://www.metabolomicsworkbench.org/data/DRCCMetadata.php?StudyID=ST002470","2","data/ibd_omics_datasets.csv[DS027:dataset_url] | data/ibd_omics_datasets.csv[DS027:evidence_url]",""
"https://doi.org/10.1016/j.chom.2023.12.013","ok","200","https://linkinghub.elsevier.com/retrieve/pii/S1931312823005085","3","data/ibd_omics_datasets.csv[DS027:publication_url] | data/ibd_omics_datasets.csv[DS027:evidence_url] | data/ibd_omics_datasets.csv[DS057:publication_url]",""
"https://www.metabolomicsworkbench.org/data/DRCCMetadata.php?DataMode=AnalysisData&Mode=Study&ResultType=5&StudyID=ST002470&StudyType=LC-MS","ok","200","https://www.metabolomicsworkbench.org/data/DRCCMetadata.php?DataMode=AnalysisData&Mode=Study&ResultType=5&StudyID=ST002470&StudyType=LC-MS","1","data/ibd_omics_datasets.csv[DS027:evidence_url]",""
"https://pubmed.ncbi.nlm.nih.gov/38215740/","ok","200","https://pubmed.ncbi.nlm.nih.gov/38215740/","2","data/ibd_omics_datasets.csv[DS027:evidence_url] | data/ibd_omics_datasets.csv[DS057:evidence_url]",""
"https://www.ncbi.nlm.nih.gov/geo/query/acc.cgi?acc=GSE87648","ok","200","https://www.ncbi.nlm.nih.gov/geo/query/acc.cgi?acc=GSE87648","2","data/ibd_omics_datasets.csv[DS028:dataset_url] | data/ibd_omics_datasets.csv[DS028:evidence_url]",""
"https://pubmed.ncbi.nlm.nih.gov/27886173/","ok","200","https://pubmed.ncbi.nlm.nih.gov/27886173/","2","data/ibd_omics_datasets.csv[DS028:publication_url] | data/ibd_omics_datasets.csv[DS028:evidence_url]",""
"https://www.ncbi.nlm.nih.gov/geo/query/acc.cgi?acc=GSE32148","ok","200","https://www.ncbi.nlm.nih.gov/geo/query/acc.cgi?acc=GSE32148","2","data/ibd_omics_datasets.csv[DS029:dataset_url] | data/ibd_omics_datasets.csv[DS029:evidence_url]",""
"https://pubmed.ncbi.nlm.nih.gov/22467598/","ok","200","https://pubmed.ncbi.nlm.nih.gov/22467598/","2","data/ibd_omics_datasets.csv[DS029:publication_url] | data/ibd_omics_datasets.csv[DS029:evidence_url]",""
"https://www.ncbi.nlm.nih.gov/geo/query/acc.cgi?acc=GSE32146","ok","200","https://www.ncbi.nlm.nih.gov/geo/query/acc.cgi?acc=GSE32146","2","data/ibd_omics_datasets.csv[DS030:dataset_url] | data/ibd_omics_datasets.csv[DS030:evidence_url]",""
"https://pubmed.ncbi.nlm.nih.gov/24937444/","ok","200","https://pubmed.ncbi.nlm.nih.gov/24937444/","4","data/ibd_omics_datasets.csv[DS030:publication_url] | data/ibd_omics_datasets.csv[DS030:evidence_url] | data/ibd_omics_datasets.csv[DS031:publication_url] | data/ibd_omics_datasets.csv[DS031:evidence_url]",""
"https://www.ncbi.nlm.nih.gov/geo/query/acc.cgi?acc=GSE42921","ok","200","https://www.ncbi.nlm.nih.gov/geo/query/acc.cgi?acc=GSE42921","2","data/ibd_omics_datasets.csv[DS031:dataset_url] | data/ibd_omics_datasets.csv[DS031:evidence_url]",""
"https://www.ncbi.nlm.nih.gov/geo/query/acc.cgi?acc=GSE210721","ok","200","https://www.ncbi.nlm.nih.gov/geo/query/acc.cgi?acc=GSE210721","2","data/ibd_omics_datasets.csv[DS032:dataset_url] | data/ibd_omics_datasets.csv[DS032:evidence_url]",""
"https://pubmed.ncbi.nlm.nih.gov/36271073/","ok","200","https://pubmed.ncbi.nlm.nih.gov/36271073/","2","data/ibd_omics_datasets.csv[DS032:publication_url] | data/ibd_omics_datasets.csv[DS032:evidence_url]",""
"https://www.ncbi.nlm.nih.gov/projects/gap/cgi-bin/study.cgi?study_id=phs002336.v1.p1","ok","200","https://www.ncbi.nlm.nih.gov/projects/gap/cgi-bin/study.cgi?study_id=phs002336.v1.p1","2","data/ibd_omics_datasets.csv[DS035:dataset_url] | data/ibd_omics_datasets.csv[DS035:evidence_url]","OK after longer GET retry; dbGaP pages are slow under scripted checks."
"https://dbgap.ncbi.nlm.nih.gov/aa/wga.cgi?stacc=phs002336.v1.p1&view_pdf=","ok","200","https://dbgap.ncbi.nlm.nih.gov/aa/wga.cgi?stacc=phs002336.v1.p1&view_pdf=","1","data/ibd_omics_datasets.csv[DS035:evidence_url]",""
"https://ega-archive.org/studies/phs002336","ok","200","https://ega-archive.org/studies/phs002336","1","data/ibd_omics_datasets.csv[DS035:evidence_url]",""
"https://www.ncbi.nlm.nih.gov/bioproject?from_uid=2222510&linkname=gap_bioproject","ok","200","https://www.ncbi.nlm.nih.gov/bioproject?from_uid=2222510&linkname=gap_bioproject","1","data/ibd_omics_datasets.csv[DS035:evidence_url]",""
"https://www.ncbi.nlm.nih.gov/geo/query/acc.cgi?acc=GSE109142","ok","200","https://www.ncbi.nlm.nih.gov/geo/query/acc.cgi?acc=GSE109142","2","data/ibd_omics_datasets.csv[DS038:dataset_url] | data/ibd_omics_datasets.csv[DS038:evidence_url]",""
"https://www.nature.com/articles/s41467-018-07841-3","ok","200","https://www.nature.com/articles/s41467-018-07841-3","2","data/ibd_omics_datasets.csv[DS038:publication_url] | data/ibd_omics_datasets.csv[DS038:evidence_url]",""
"https://www.ncbi.nlm.nih.gov/geo/query/acc.cgi?acc=GSE150961","ok","200","https://www.ncbi.nlm.nih.gov/geo/query/acc.cgi?acc=GSE150961","2","data/ibd_omics_datasets.csv[DS039:dataset_url] | data/ibd_omics_datasets.csv[DS039:evidence_url]",""
"https://www.ncbi.nlm.nih.gov/geo/query/acc.cgi?acc=GSE117993","ok","200","https://www.ncbi.nlm.nih.gov/geo/query/acc.cgi?acc=GSE117993","2","data/ibd_omics_datasets.csv[DS040:dataset_url] | data/ibd_omics_datasets.csv[DS040:evidence_url]",""
"https://www.ncbi.nlm.nih.gov/geo/query/acc.cgi?acc=GSE93624","ok","200","https://www.ncbi.nlm.nih.gov/geo/query/acc.cgi?acc=GSE93624","2","data/ibd_omics_datasets.csv[DS041:dataset_url] | data/ibd_omics_datasets.csv[DS041:evidence_url]",""
"https://pubmed.ncbi.nlm.nih.gov/28805827/","ok","200","https://pubmed.ncbi.nlm.nih.gov/28805827/","1","data/ibd_omics_datasets.csv[DS041:publication_url]",""
"https://www.ncbi.nlm.nih.gov/geo/query/acc.cgi?acc=GSE185061","ok","200","https://www.ncbi.nlm.nih.gov/geo/query/acc.cgi?acc=GSE185061","2","data/ibd_omics_datasets.csv[DS042:dataset_url] | data/ibd_omics_datasets.csv[DS042:evidence_url]",""
"https://pubmed.ncbi.nlm.nih.gov/36964596/","ok","200","https://pubmed.ncbi.nlm.nih.gov/36964596/","1","data/ibd_omics_datasets.csv[DS042:publication_url]",""
"https://clinicalepigeneticsjournal.biomedcentral.com/articles/10.1186/s13148-023-01462-4","ok","200","https://clinicalepigeneticsjournal.biomedcentral.com/articles/10.1186/s13148-023-01462-4","1","data/ibd_omics_datasets.csv[DS042:evidence_url]",""
"https://ftp.ncbi.nlm.nih.gov/geo/series/GSE185nnn/GSE185061/matrix/GSE185061_series_matrix.txt.gz","ok","200","https://ftp.ncbi.nlm.nih.gov/geo/series/GSE185nnn/GSE185061/matrix/GSE185061_series_matrix.txt.gz","1","data/ibd_omics_datasets.csv[DS042:evidence_url]",""
"https://www.ncbi.nlm.nih.gov/geo/query/acc.cgi?acc=GSE221161","ok","200","https://www.ncbi.nlm.nih.gov/geo/query/acc.cgi?acc=GSE221161","2","data/ibd_omics_datasets.csv[DS043:dataset_url] | data/ibd_omics_datasets.csv[DS043:evidence_url]",""
"https://pubmed.ncbi.nlm.nih.gov/38302662/","ok","200","https://pubmed.ncbi.nlm.nih.gov/38302662/","1","data/ibd_omics_datasets.csv[DS043:publication_url]",""
"https://www.ncbi.nlm.nih.gov/geo/query/acc.cgi?acc=GSE125527","ok","200","https://www.ncbi.nlm.nih.gov/geo/query/acc.cgi?acc=GSE125527","3","data/ibd_omics_datasets.csv[DS044:dataset_url] | data/ibd_omics_datasets.csv[DS044:evidence_url] | data/resource_coverage.csv[DS044:evidence_url]",""
"https://pubmed.ncbi.nlm.nih.gov/32826341/","ok","200","https://pubmed.ncbi.nlm.nih.gov/32826341/","1","data/ibd_omics_datasets.csv[DS044:publication_url]",""
"https://www.ncbi.nlm.nih.gov/geo/query/acc.cgi?acc=GSE150115","ok","200","https://www.ncbi.nlm.nih.gov/geo/query/acc.cgi?acc=GSE150115","2","data/ibd_omics_datasets.csv[DS045:dataset_url] | data/ibd_omics_datasets.csv[DS045:evidence_url]",""
"https://pubmed.ncbi.nlm.nih.gov/32428507/","ok","200","https://pubmed.ncbi.nlm.nih.gov/32428507/","1","data/ibd_omics_datasets.csv[DS045:publication_url]",""
"https://www.ncbi.nlm.nih.gov/geo/query/acc.cgi?acc=GSE83687","ok","200","https://www.ncbi.nlm.nih.gov/geo/query/acc.cgi?acc=GSE83687","3","data/ibd_omics_datasets.csv[DS046:dataset_url] | data/ibd_omics_datasets.csv[DS046:evidence_url] | data/resource_coverage.csv[DS046:evidence_url]",""
"https://pubmed.ncbi.nlm.nih.gov/28892060/","ok","200","https://pubmed.ncbi.nlm.nih.gov/28892060/","2","data/ibd_omics_datasets.csv[DS046:publication_url] | data/ibd_omics_datasets.csv[DS102:evidence_url]",""
"https://www.ncbi.nlm.nih.gov/geo/query/acc.cgi?acc=GSE112366","ok","200","https://www.ncbi.nlm.nih.gov/geo/query/acc.cgi?acc=GSE112366","2","data/ibd_omics_datasets.csv[DS047:dataset_url] | data/ibd_omics_datasets.csv[DS047:evidence_url]",""
"https://pubmed.ncbi.nlm.nih.gov/29782846/","ok","200","https://pubmed.ncbi.nlm.nih.gov/29782846/","2","data/ibd_omics_datasets.csv[DS047:publication_url] | data/ibd_omics_datasets.csv[DS047:evidence_url]",""
"https://ftp.ncbi.nlm.nih.gov/geo/series/GSE112nnn/GSE112366/matrix/GSE112366_series_matrix.txt.gz","ok","200","https://ftp.ncbi.nlm.nih.gov/geo/series/GSE112nnn/GSE112366/matrix/GSE112366_series_matrix.txt.gz","1","data/ibd_omics_datasets.csv[DS047:evidence_url]",""
"https://www.ncbi.nlm.nih.gov/geo/query/acc.cgi?acc=GSE92415","ok","200","https://www.ncbi.nlm.nih.gov/geo/query/acc.cgi?acc=GSE92415","2","data/ibd_omics_datasets.csv[DS048:dataset_url] | data/ibd_omics_datasets.csv[DS048:evidence_url]",""
"https://pubmed.ncbi.nlm.nih.gov/23735746/","ok","200","https://pubmed.ncbi.nlm.nih.gov/23735746/","1","data/ibd_omics_datasets.csv[DS048:publication_url]",""
"https://www.ncbi.nlm.nih.gov/geo/query/acc.cgi?acc=GSE206285","ok","200","https://www.ncbi.nlm.nih.gov/geo/query/acc.cgi?acc=GSE206285","3","data/ibd_omics_datasets.csv[DS049:dataset_url] | data/ibd_omics_datasets.csv[DS049:evidence_url] | data/resource_coverage.csv[DS049:evidence_url]",""
"https://pubmed.ncbi.nlm.nih.gov/36192482/","ok","200","https://pubmed.ncbi.nlm.nih.gov/36192482/","1","data/ibd_omics_datasets.csv[DS049:publication_url]",""
"https://www.omicsdi.org/dataset/pride/PXD001821","ok","200","https://www.omicsdi.org/dataset/pride/PXD001821","2","data/ibd_omics_datasets.csv[DS050:dataset_url] | data/ibd_omics_datasets.csv[DS050:evidence_url]",""
"https://doi.org/10.1074/mcp.M116.066506","ok","200","https://linkinghub.elsevier.com/retrieve/pii/S1535947620341876","2","data/ibd_omics_datasets.csv[DS050:publication_url] | data/ibd_omics_datasets.csv[DS050:evidence_url]",""
"https://proteomecentral.proteomexchange.org/cgi/GetDataset?ID=PXD001821-4&test=no","ok","200","https://proteomecentral.proteomexchange.org/cgi/GetDataset?ID=PXD001821-4&test=no","1","data/ibd_omics_datasets.csv[DS050:evidence_url]",""
"https://www.omicsdi.org/dataset/pride/PXD012284","ok","200","https://www.omicsdi.org/dataset/pride/PXD012284","2","data/ibd_omics_datasets.csv[DS051:dataset_url] | data/ibd_omics_datasets.csv[DS051:evidence_url]",""
"https://doi.org/10.1093/ecco-jcc/jjz130","access_restricted","403","","2","data/ibd_omics_datasets.csv[DS051:publication_url] | data/ibd_omics_datasets.csv[DS051:evidence_url]","The remote server returned an error: (403) Forbidden."
"https://www.ebi.ac.uk/pride/ws/archive/v3/projects/PXD012284","ok","200","https://www.ebi.ac.uk/pride/ws/archive/v3/projects/PXD012284","1","data/ibd_omics_datasets.csv[DS051:evidence_url]",""
"https://www.omicsdi.org/dataset/pride/PXD014479","ok","200","https://www.omicsdi.org/dataset/pride/PXD014479","1","data/ibd_omics_datasets.csv[DS052:dataset_url]",""
"https://doi.org/10.1021/acschembio.9b00608","access_restricted","403","","2","data/ibd_omics_datasets.csv[DS052:publication_url] | data/ibd_omics_datasets.csv[DS052:evidence_url]","The remote server returned an error: (403) Forbidden."
"https://www.ebi.ac.uk/pride/ws/archive/v3/projects/PXD014479","ok","200","https://www.ebi.ac.uk/pride/ws/archive/v3/projects/PXD014479","1","data/ibd_omics_datasets.csv[DS052:evidence_url]",""
"https://www.omicsdi.org/dataset/pride/PXD030775","ok","200","https://www.omicsdi.org/dataset/pride/PXD030775","2","data/ibd_omics_datasets.csv[DS053:dataset_url] | data/ibd_omics_datasets.csv[DS053:evidence_url]",""
"https://doi.org/10.1093/ecco-jcc/jjad052","access_restricted","403","","2","data/ibd_omics_datasets.csv[DS053:publication_url] | data/ibd_omics_datasets.csv[DS053:evidence_url]","The remote server returned an error: (403) Forbidden."
"https://pmc.ncbi.nlm.nih.gov/articles/PMC10588787/","ok","200","https://pmc.ncbi.nlm.nih.gov/articles/PMC10588787/","1","data/ibd_omics_datasets.csv[DS053:evidence_url]",""
"https://www.omicsdi.org/dataset/pride/PXD050335","ok","200","https://www.omicsdi.org/dataset/pride/PXD050335","1","data/ibd_omics_datasets.csv[DS054:dataset_url]",""
"https://doi.org/10.3390/ijms25105108","access_restricted","403","","1","data/ibd_omics_datasets.csv[DS054:publication_url]","The remote server returned an error: (403) Forbidden."
"https://www.ebi.ac.uk/pride/ws/archive/v3/projects/PXD050335","ok","200","https://www.ebi.ac.uk/pride/ws/archive/v3/projects/PXD050335","1","data/ibd_omics_datasets.csv[DS054:evidence_url]",""
"https://pmc.ncbi.nlm.nih.gov/articles/PMC11121447/","ok","200","https://pmc.ncbi.nlm.nih.gov/articles/PMC11121447/","1","data/ibd_omics_datasets.csv[DS054:evidence_url]",""
"https://www.metabolomicsworkbench.org/data/DRCCMetadata.php?StudyID=ST000899","ok","200","https://www.metabolomicsworkbench.org/data/DRCCMetadata.php?StudyID=ST000899","1","data/ibd_omics_datasets.csv[DS055:dataset_url]",""
"https://pubmed.ncbi.nlm.nih.gov/29681789/","ok","200","https://pubmed.ncbi.nlm.nih.gov/29681789/","2","data/ibd_omics_datasets.csv[DS055:publication_url] | data/ibd_omics_datasets.csv[DS055:evidence_url]",""
"https://www.metabolomicsworkbench.org/rest/study/study_id/ST000899/summary","ok","200","https://www.metabolomicsworkbench.org/rest/study/study_id/ST000899/summary","1","data/ibd_omics_datasets.csv[DS055:evidence_url]",""
"https://www.metabolomicsworkbench.org/rest/study/study_id/ST000899/factors","ok","200","https://www.metabolomicsworkbench.org/rest/study/study_id/ST000899/factors","1","data/ibd_omics_datasets.csv[DS055:evidence_url]",""
"https://www.metabolomicsworkbench.org/data/DRCCMetadata.php?StudyID=ST001000","ok","200","https://www.metabolomicsworkbench.org/data/DRCCMetadata.php?StudyID=ST001000","1","data/ibd_omics_datasets.csv[DS056:dataset_url]",""
"https://www.nature.com/articles/s41564-018-0306-4","ok","200","https://www.nature.com/articles/s41564-018-0306-4","2","data/ibd_omics_datasets.csv[DS056:publication_url] | data/ibd_omics_datasets.csv[DS056:evidence_url]",""
"https://www.metabolomicsworkbench.org/rest/study/study_id/ST001000/summary","ok","200","https://www.metabolomicsworkbench.org/rest/study/study_id/ST001000/summary","1","data/ibd_omics_datasets.csv[DS056:evidence_url]",""
"https://www.ncbi.nlm.nih.gov/bioproject/400072","ok","200","https://www.ncbi.nlm.nih.gov/bioproject/400072","1","data/ibd_omics_datasets.csv[DS056:evidence_url]",""
"https://www.metabolomicsworkbench.org/data/DRCCMetadata.php?StudyID=ST002471","ok","200","https://www.metabolomicsworkbench.org/data/DRCCMetadata.php?StudyID=ST002471","1","data/ibd_omics_datasets.csv[DS057:dataset_url]",""
"https://www.metabolomicsworkbench.org/rest/study/study_id/ST002471/summary","ok","200","https://www.metabolomicsworkbench.org/rest/study/study_id/ST002471/summary","1","data/ibd_omics_datasets.csv[DS057:evidence_url]",""
"https://www.metabolomicsworkbench.org/rest/study/study_id/ST002471/factors","ok","200","https://www.metabolomicsworkbench.org/rest/study/study_id/ST002471/factors","1","data/ibd_omics_datasets.csv[DS057:evidence_url]",""
"https://massive.ucsd.edu/ProteoSAFe/dataset.jsp?accession=MSV000082094","ok","200","https://massive.ucsd.edu/ProteoSAFe/dataset.jsp?accession=MSV000082094","2","data/ibd_omics_datasets.csv[DS058:dataset_url] | data/ibd_omics_datasets.csv[DS058:evidence_url]",""
"https://www.nature.com/articles/s41564-021-01050-3","ok","200","https://www.nature.com/articles/s41564-021-01050-3","2","data/ibd_omics_datasets.csv[DS058:publication_url] | data/ibd_omics_datasets.csv[DS058:evidence_url]",""
"https://www.ebi.ac.uk/ena/browser/view/PRJEB42151","ok","200","https://www.ebi.ac.uk/ena/browser/view/PRJEB42151","1","data/ibd_omics_datasets.csv[DS058:evidence_url]",""
"https://www.ebi.ac.uk/ena/browser/view/PRJEB42155","ok","200","https://www.ebi.ac.uk/ena/browser/view/PRJEB42155","1","data/ibd_omics_datasets.csv[DS058:evidence_url]",""
"https://massive.ucsd.edu/ProteoSAFe/dataset.jsp?accession=MSV000084908","ok","200","https://massive.ucsd.edu/ProteoSAFe/dataset.jsp?accession=MSV000084908","2","data/ibd_omics_datasets.csv[DS059:dataset_url] | data/ibd_omics_datasets.csv[DS059:evidence_url]",""
"https://link.springer.com/article/10.1186/s40168-022-01331-x","ok","200","https://link.springer.com/article/10.1186/s40168-022-01331-x","2","data/ibd_omics_datasets.csv[DS059:publication_url] | data/ibd_omics_datasets.csv[DS059:evidence_url]",""
"https://massive.ucsd.edu/ProteoSAFe/proxi/v0.1/datasets/MSV000084908","ok","200","https://massive.ucsd.edu/ProteoSAFe/proxi/v0.1/datasets/MSV000084908","1","data/ibd_omics_datasets.csv[DS059:evidence_url]",""
"https://www.ncbi.nlm.nih.gov/geo/query/acc.cgi?acc=GSE87473","ok","200","https://www.ncbi.nlm.nih.gov/geo/query/acc.cgi?acc=GSE87473","2","data/ibd_omics_datasets.csv[DS060:dataset_url] | data/ibd_omics_datasets.csv[DS060:evidence_url]",""
"https://pubmed.ncbi.nlm.nih.gov/29401083/","ok","200","https://pubmed.ncbi.nlm.nih.gov/29401083/","2","data/ibd_omics_datasets.csv[DS060:publication_url] | data/ibd_omics_datasets.csv[DS060:evidence_url]",""
"https://www.ncbi.nlm.nih.gov/geo/query/acc.cgi?acc=GSE87465","ok","200","https://www.ncbi.nlm.nih.gov/geo/query/acc.cgi?acc=GSE87465","1","data/ibd_omics_datasets.csv[DS060:evidence_url]",""
"https://www.ncbi.nlm.nih.gov/geo/query/acc.cgi?acc=GSE87466","ok","200","https://www.ncbi.nlm.nih.gov/geo/query/acc.cgi?acc=GSE87466","1","data/ibd_omics_datasets.csv[DS060:evidence_url]",""
"https://www.ncbi.nlm.nih.gov/geo/query/acc.cgi?acc=GSE16879","ok","200","https://www.ncbi.nlm.nih.gov/geo/query/acc.cgi?acc=GSE16879","3","data/ibd_omics_datasets.csv[DS061:dataset_url] | data/ibd_omics_datasets.csv[DS061:evidence_url] | data/resource_coverage.csv[DS061:evidence_url]",""
"https://journals.plos.org/plosone/article?id=10.1371/journal.pone.0007984","ok","200","https://journals.plos.org/plosone/article?id=10.1371/journal.pone.0007984","1","data/ibd_omics_datasets.csv[DS061:evidence_url]",""
"https://pubmed.ncbi.nlm.nih.gov/19956723/","ok","200","https://pubmed.ncbi.nlm.nih.gov/19956723/","1","data/ibd_omics_datasets.csv[DS061:evidence_url]",""
"https://www.ncbi.nlm.nih.gov/geo/query/acc.cgi?acc=GSE12251","ok","200","https://www.ncbi.nlm.nih.gov/geo/query/acc.cgi?acc=GSE12251","3","data/ibd_omics_datasets.csv[DS062:dataset_url] | data/ibd_omics_datasets.csv[DS062:evidence_url] | data/resource_coverage.csv[DS062:evidence_url]",""
"https://pubmed.ncbi.nlm.nih.gov/19700435/","ok","200","https://pubmed.ncbi.nlm.nih.gov/19700435/","2","data/ibd_omics_datasets.csv[DS062:publication_url] | data/ibd_omics_datasets.csv[DS063:publication_url]",""
"https://www.ncbi.nlm.nih.gov/geo/query/acc.cgi?acc=GSE14580","ok","200","https://www.ncbi.nlm.nih.gov/geo/query/acc.cgi?acc=GSE14580","2","data/ibd_omics_datasets.csv[DS063:dataset_url] | data/ibd_omics_datasets.csv[DS063:evidence_url]",""
"https://www.ncbi.nlm.nih.gov/geo/query/acc.cgi?acc=GSE52746","ok","200","https://www.ncbi.nlm.nih.gov/geo/query/acc.cgi?acc=GSE52746","3","data/ibd_omics_datasets.csv[DS064:dataset_url] | data/ibd_omics_datasets.csv[DS064:evidence_url] | data/resource_coverage.csv[DS064:evidence_url]",""
"https://www.ncbi.nlm.nih.gov/geo/query/acc.cgi?acc=GSE11223","ok","200","https://www.ncbi.nlm.nih.gov/geo/query/acc.cgi?acc=GSE11223","2","data/ibd_omics_datasets.csv[DS065:dataset_url] | data/ibd_omics_datasets.csv[DS065:evidence_url]",""
"https://www.ncbi.nlm.nih.gov/geo/query/acc.cgi?acc=GSE4183","ok","200","https://www.ncbi.nlm.nih.gov/geo/query/acc.cgi?acc=GSE4183","2","data/ibd_omics_datasets.csv[DS066:dataset_url] | data/ibd_omics_datasets.csv[DS066:evidence_url]",""
"https://www.ncbi.nlm.nih.gov/geo/query/acc.cgi?acc=GSE38713","ok","200","https://www.ncbi.nlm.nih.gov/geo/query/acc.cgi?acc=GSE38713","2","data/ibd_omics_datasets.csv[DS067:dataset_url] | data/ibd_omics_datasets.csv[DS067:evidence_url]",""
"https://www.ncbi.nlm.nih.gov/geo/query/acc.cgi?acc=GSE3365","ok","200","https://www.ncbi.nlm.nih.gov/geo/query/acc.cgi?acc=GSE3365","2","data/ibd_omics_datasets.csv[DS068:dataset_url] | data/ibd_omics_datasets.csv[DS068:evidence_url]",""
"https://www.ncbi.nlm.nih.gov/geo/query/acc.cgi?acc=GSE107865","ok","200","https://www.ncbi.nlm.nih.gov/geo/query/acc.cgi?acc=GSE107865","3","data/ibd_omics_datasets.csv[DS069:dataset_url] | data/ibd_omics_datasets.csv[DS069:evidence_url] | data/resource_coverage.csv[DS069:evidence_url]",""
"https://www.ncbi.nlm.nih.gov/geo/query/acc.cgi?acc=GSE116222","ok","200","https://www.ncbi.nlm.nih.gov/geo/query/acc.cgi?acc=GSE116222","4","data/ibd_omics_datasets.csv[DS070:dataset_url] | data/ibd_omics_datasets.csv[DS070:evidence_url] | data/resource_coverage.csv[DS070:evidence_url] | data/resource_coverage.csv[DS070:evidence_url]",""
"https://doi.org/10.1038/s41586-019-0992-y","ok","200","https://www.nature.com/articles/s41586-019-0992-y","2","data/ibd_omics_datasets.csv[DS070:publication_url] | data/ibd_omics_datasets.csv[DS070:evidence_url]",""
"https://www.ncbi.nlm.nih.gov/geo/query/acc.cgi?acc=GSE114374","ok","200","https://www.ncbi.nlm.nih.gov/geo/query/acc.cgi?acc=GSE114374","4","data/ibd_omics_datasets.csv[DS071:dataset_url] | data/ibd_omics_datasets.csv[DS071:evidence_url] | data/resource_coverage.csv[DS071:evidence_url] | data/resource_coverage.csv[DS071:evidence_url]",""
"https://doi.org/10.1016/j.cell.2018.08.067","ok","200","https://linkinghub.elsevier.com/retrieve/pii/S0092867418311681","2","data/ibd_omics_datasets.csv[DS071:publication_url] | data/ibd_omics_datasets.csv[DS071:evidence_url]",""
"https://www.ncbi.nlm.nih.gov/geo/query/acc.cgi?acc=GSE148837","ok","200","https://www.ncbi.nlm.nih.gov/geo/query/acc.cgi?acc=GSE148837","3","data/ibd_omics_datasets.csv[DS072:dataset_url] | data/ibd_omics_datasets.csv[DS072:evidence_url] | data/resource_coverage.csv[DS072:evidence_url]",""
"https://doi.org/10.1038/s41591-020-1003-4","ok","200","https://www.nature.com/articles/s41591-020-1003-4","2","data/ibd_omics_datasets.csv[DS072:publication_url] | data/ibd_omics_datasets.csv[DS072:evidence_url]",""
"https://singlecell.broadinstitute.org/single_cell/study/SCP259","ok","200","https://singlecell.broadinstitute.org/single_cell/study/SCP259/intra-and-inter-cellular-rewiring-of-the-human-colon-during-ulcerative-colitis","4","data/ibd_omics_datasets.csv[DS073:dataset_url] | data/resource_coverage.csv[DS073:evidence_url] | data/resource_coverage.csv[DS073:evidence_url] | data/resource_coverage.csv[DS073:evidence_url]",""
"https://doi.org/10.1016/j.cell.2019.06.029","ok","200","https://linkinghub.elsevier.com/retrieve/pii/S0092867419307329","2","data/ibd_omics_datasets.csv[DS073:publication_url] | data/ibd_omics_datasets.csv[DS073:evidence_url]",""
"https://singlecell.broadinstitute.org/single_cell/api/v1/site/studies/SCP259","access_restricted","406","","1","data/ibd_omics_datasets.csv[DS073:evidence_url]","The remote server returned an error: (406) Not Acceptable."
"https://cellxgene.cziscience.com/collections/33d19f34-87f5-455b-8ca5-9023a2e5453d","ok","200","https://cellxgene.cziscience.com/collections/33d19f34-87f5-455b-8ca5-9023a2e5453d","3","data/ibd_omics_datasets.csv[DS073:evidence_url] | data/integrated_resources.csv[IR003:evidence_url] | data/resource_coverage.csv[DS073:evidence_url]",""
"https://explore.data.humancellatlas.org/projects/cd61771b-661a-4e19-b269-6e5d95350de6","ok","200","https://explore.data.humancellatlas.org/projects/cd61771b-661a-4e19-b269-6e5d95350de6","3","data/ibd_omics_datasets.csv[DS073:evidence_url] | data/integrated_resources.csv[IR004:evidence_url] | data/resource_coverage.csv[DS073:evidence_url]",""
"https://www.ncbi.nlm.nih.gov/geo/query/acc.cgi?acc=GSE157477","ok","200","https://www.ncbi.nlm.nih.gov/geo/query/acc.cgi?acc=GSE157477","4","data/ibd_omics_datasets.csv[DS074:dataset_url] | data/ibd_omics_datasets.csv[DS074:evidence_url] | data/resource_coverage.csv[DS074:evidence_url] | data/resource_coverage.csv[DS074:evidence_url]",""
"https://doi.org/10.1038/s41467-021-22164-6","ok","200","https://www.nature.com/articles/s41467-021-22164-6","2","data/ibd_omics_datasets.csv[DS074:publication_url] | data/ibd_omics_datasets.csv[DS074:evidence_url]",""
"https://www.immport.org/shared/study/SDY1765","ok","200","https://www.immport.org/shared/study/SDY1765","2","data/ibd_omics_datasets.csv[DS075:dataset_url] | data/resource_coverage.csv[DS075:evidence_url]",""
"https://doi.org/10.1016/j.medj.2022.05.002","ok","200","https://linkinghub.elsevier.com/retrieve/pii/S2666634022001842","2","data/ibd_omics_datasets.csv[DS075:publication_url] | data/ibd_omics_datasets.csv[DS075:evidence_url]",""
"https://www.immport.org/shared/data/query/ui/study/summary/SDY1765","ok","200","https://www.immport.org/shared/data/query/ui/study/summary/SDY1765","1","data/ibd_omics_datasets.csv[DS075:evidence_url]",""
"https://www.ncbi.nlm.nih.gov/geo/query/acc.cgi?acc=GSE121380","ok","200","https://www.ncbi.nlm.nih.gov/geo/query/acc.cgi?acc=GSE121380","4","data/ibd_omics_datasets.csv[DS076:dataset_url] | data/ibd_omics_datasets.csv[DS076:evidence_url] | data/resource_coverage.csv[DS076:evidence_url] | data/resource_coverage.csv[DS076:evidence_url]",""
"https://doi.org/10.1016/j.cell.2019.10.027","ok","200","https://linkinghub.elsevier.com/retrieve/pii/S0092867419311778","2","data/ibd_omics_datasets.csv[DS076:publication_url] | data/ibd_omics_datasets.csv[DS076:evidence_url]",""
"https://www.ncbi.nlm.nih.gov/geo/query/acc.cgi?acc=GSE182270","ok","200","https://www.ncbi.nlm.nih.gov/geo/query/acc.cgi?acc=GSE182270","3","data/ibd_omics_datasets.csv[DS077:dataset_url] | data/ibd_omics_datasets.csv[DS077:evidence_url] | data/resource_coverage.csv[DS077:evidence_url]",""
"https://doi.org/10.1038/s41591-022-01680-y","ok","200","https://www.nature.com/articles/s41591-022-01680-y","2","data/ibd_omics_datasets.csv[DS077:publication_url] | data/ibd_omics_datasets.csv[DS077:evidence_url]",""
"https://singlecell.broadinstitute.org/single_cell/study/SCP1884","ok","200","https://singlecell.broadinstitute.org/single_cell/study/SCP1884/human-cd-atlas-study-between-colon-and-terminal-ileum","3","data/ibd_omics_datasets.csv[DS078:dataset_url] | data/ibd_omics_datasets.csv[DS078:evidence_url] | data/resource_coverage.csv[DS078:evidence_url]",""
"https://doi.org/10.1016/j.immuni.2023.01.002","ok","200","https://linkinghub.elsevier.com/retrieve/pii/S1074761323000122","2","data/ibd_omics_datasets.csv[DS078:publication_url] | data/ibd_omics_datasets.csv[DS078:evidence_url]",""
"https://github.com/LJ-Kong/cd_atlas_single_cell","ok","200","https://github.com/LJ-Kong/cd_atlas_single_cell","1","data/ibd_omics_datasets.csv[DS078:evidence_url]",""
"https://cellxgene.cziscience.com/collections/5c868b6f-62c5-4532-9d7f-a346ad4b50a7","ok","200","https://cellxgene.cziscience.com/collections/5c868b6f-62c5-4532-9d7f-a346ad4b50a7","3","data/ibd_omics_datasets.csv[DS078:evidence_url] | data/integrated_resources.csv[IR003:evidence_url] | data/resource_coverage.csv[DS078:evidence_url]",""
"https://www.ebi.ac.uk/pride/archive/projects/PXD030121","ok","200","https://www.ebi.ac.uk/pride/archive/projects/PXD030121","1","data/ibd_omics_datasets.csv[DS079:dataset_url]",""
"https://pubmed.ncbi.nlm.nih.gov/35770079/","ok","200","https://pubmed.ncbi.nlm.nih.gov/35770079/","2","data/ibd_omics_datasets.csv[DS079:publication_url] | data/ibd_omics_datasets.csv[DS079:evidence_url]",""
"https://www.ebi.ac.uk/pride/ws/archive/v3/projects/PXD030121","ok","200","https://www.ebi.ac.uk/pride/ws/archive/v3/projects/PXD030121","1","data/ibd_omics_datasets.csv[DS079:evidence_url]",""
"https://www.ebi.ac.uk/pride/ws/archive/v3/projects/PXD030121/files/all","ok","200","https://www.ebi.ac.uk/pride/ws/archive/v3/projects/PXD030121/files/all","1","data/ibd_omics_datasets.csv[DS079:evidence_url]",""
"https://www.ebi.ac.uk/pride/archive/projects/PXD061040","ok","200","https://www.ebi.ac.uk/pride/archive/projects/PXD061040","1","data/ibd_omics_datasets.csv[DS080:dataset_url]",""
"https://pmc.ncbi.nlm.nih.gov/articles/PMC12203869/","ok","200","https://pmc.ncbi.nlm.nih.gov/articles/PMC12203869/","2","data/ibd_omics_datasets.csv[DS080:publication_url] | data/ibd_omics_datasets.csv[DS080:evidence_url]",""
"https://www.ebi.ac.uk/pride/ws/archive/v3/projects/PXD061040","ok","200","https://www.ebi.ac.uk/pride/ws/archive/v3/projects/PXD061040","1","data/ibd_omics_datasets.csv[DS080:evidence_url]",""
"https://massive.ucsd.edu/ProteoSAFe/dataset.jsp?accession=MSV000093975","ok","200","https://massive.ucsd.edu/ProteoSAFe/dataset.jsp?accession=MSV000093975","1","data/ibd_omics_datasets.csv[DS081:dataset_url]",""
"https://microbiomejournal.biomedcentral.com/articles/10.1186/s40168-024-01927-5","ok","200","https://microbiomejournal.biomedcentral.com/articles/10.1186/s40168-024-01927-5","2","data/ibd_omics_datasets.csv[DS081:publication_url] | data/ibd_omics_datasets.csv[DS081:evidence_url]",""
"https://microbiomejournal.biomedcentral.com/articles/10.1186/s40168-024-01927-5/tables/1","ok","200","https://microbiomejournal.biomedcentral.com/articles/10.1186/s40168-024-01927-5/tables/1","1","data/ibd_omics_datasets.csv[DS081:evidence_url]",""
"https://proteomecentral.proteomexchange.org/cgi/GetDataset?ID=PXD032706","ok","200","https://proteomecentral.proteomexchange.org/cgi/GetDataset?ID=PXD032706","2","data/ibd_omics_datasets.csv[DS082:dataset_url] | data/ibd_omics_datasets.csv[DS082:evidence_url]",""
"https://www.mdpi.com/2073-4409/11/8/1340","access_restricted","403","","2","data/ibd_omics_datasets.csv[DS082:publication_url] | data/ibd_omics_datasets.csv[DS082:evidence_url]","The remote server returned an error: (403) Forbidden."
"https://www.ncbi.nlm.nih.gov/geo/query/acc.cgi?acc=GSE212849","ok","200","https://www.ncbi.nlm.nih.gov/geo/query/acc.cgi?acc=GSE212849","3","data/ibd_omics_datasets.csv[DS083:dataset_url] | data/ibd_omics_datasets.csv[DS083:evidence_url] | data/resource_coverage.csv[DS083:evidence_url]",""
"https://pubmed.ncbi.nlm.nih.gov/36170836/","ok","200","https://pubmed.ncbi.nlm.nih.gov/36170836/","4","data/ibd_omics_datasets.csv[DS083:publication_url] | data/ibd_omics_datasets.csv[DS083:evidence_url] | data/ibd_omics_datasets.csv[DS107:publication_url] | data/ibd_omics_datasets.csv[DS107:evidence_url]",""
"https://www.ebi.ac.uk/ena/browser/view/E-MTAB-7845","ok","200","https://www.ebi.ac.uk/ena/browser/view/E-MTAB-7845","3","data/ibd_omics_datasets.csv[DS084:dataset_url] | data/ibd_omics_datasets.csv[DS084:evidence_url] | data/resource_coverage.csv[DS084:evidence_url]",""
"https://pubmed.ncbi.nlm.nih.gov/31446181/","ok","200","https://pubmed.ncbi.nlm.nih.gov/31446181/","2","data/ibd_omics_datasets.csv[DS084:publication_url] | data/ibd_omics_datasets.csv[DS084:evidence_url]",""
"https://www.ncbi.nlm.nih.gov/geo/query/acc.cgi?acc=GSE152316","ok","200","https://www.ncbi.nlm.nih.gov/geo/query/acc.cgi?acc=GSE152316","3","data/ibd_omics_datasets.csv[DS085:dataset_url] | data/ibd_omics_datasets.csv[DS085:evidence_url] | data/resource_coverage.csv[DS085:evidence_url]",""
"https://doi.org/10.1016/j.xcrm.2021.100381","ok","200","https://linkinghub.elsevier.com/retrieve/pii/S2666379121002354","1","data/ibd_omics_datasets.csv[DS085:publication_url]",""
"https://www.ncbi.nlm.nih.gov/bioproject/PRJNA638957","ok","200","https://www.ncbi.nlm.nih.gov/bioproject/PRJNA638957","1","data/ibd_omics_datasets.csv[DS085:evidence_url]",""
"https://pubmed.ncbi.nlm.nih.gov/34467254/","ok","200","https://pubmed.ncbi.nlm.nih.gov/34467254/","1","data/ibd_omics_datasets.csv[DS085:evidence_url]",""
"https://www.ncbi.nlm.nih.gov/geo/query/acc.cgi?acc=GSE117875","ok","200","https://www.ncbi.nlm.nih.gov/geo/query/acc.cgi?acc=GSE117875","3","data/ibd_omics_datasets.csv[DS086:dataset_url] | data/ibd_omics_datasets.csv[DS086:evidence_url] | data/resource_coverage.csv[DS086:evidence_url]",""
"https://doi.org/10.1172/jci.insight.122104","ok","200","https://insight.jci.org/articles/view/122104","1","data/ibd_omics_datasets.csv[DS086:publication_url]",""
"https://pubmed.ncbi.nlm.nih.gov/30232290/","ok","200","https://pubmed.ncbi.nlm.nih.gov/30232290/","1","data/ibd_omics_datasets.csv[DS086:evidence_url]",""
"https://www.ncbi.nlm.nih.gov/geo/query/acc.cgi?acc=GSE156044","ok","200","https://www.ncbi.nlm.nih.gov/geo/query/acc.cgi?acc=GSE156044","3","data/ibd_omics_datasets.csv[DS087:dataset_url] | data/ibd_omics_datasets.csv[DS087:evidence_url] | data/resource_coverage.csv[DS087:evidence_url]",""
"https://pubmed.ncbi.nlm.nih.gov/32991841/","ok","200","https://pubmed.ncbi.nlm.nih.gov/32991841/","2","data/ibd_omics_datasets.csv[DS087:publication_url] | data/ibd_omics_datasets.csv[DS087:evidence_url]",""
"https://ftp.ncbi.nlm.nih.gov/geo/series/GSE156nnn/GSE156044/matrix/GSE156044_series_matrix.txt.gz","ok","200","https://ftp.ncbi.nlm.nih.gov/geo/series/GSE156nnn/GSE156044/matrix/GSE156044_series_matrix.txt.gz","1","data/ibd_omics_datasets.csv[DS087:evidence_url]",""
"https://www.ncbi.nlm.nih.gov/geo/query/acc.cgi?acc=GSE73661","ok","200","https://www.ncbi.nlm.nih.gov/geo/query/acc.cgi?acc=GSE73661","3","data/ibd_omics_datasets.csv[DS088:dataset_url] | data/ibd_omics_datasets.csv[DS088:evidence_url] | data/resource_coverage.csv[DS088:evidence_url]",""
"https://pubmed.ncbi.nlm.nih.gov/27802155/","ok","200","https://pubmed.ncbi.nlm.nih.gov/27802155/","2","data/ibd_omics_datasets.csv[DS088:publication_url] | data/ibd_omics_datasets.csv[DS088:evidence_url]",""
"https://ftp.ncbi.nlm.nih.gov/geo/series/GSE73nnn/GSE73661/matrix/GSE73661_series_matrix.txt.gz","ok","200","https://ftp.ncbi.nlm.nih.gov/geo/series/GSE73nnn/GSE73661/matrix/GSE73661_series_matrix.txt.gz","1","data/ibd_omics_datasets.csv[DS088:evidence_url]",""
"https://www.ncbi.nlm.nih.gov/geo/query/acc.cgi?acc=GSE160925","ok","200","https://www.ncbi.nlm.nih.gov/geo/query/acc.cgi?acc=GSE160925","3","data/ibd_omics_datasets.csv[DS089:dataset_url] | data/ibd_omics_datasets.csv[DS089:evidence_url] | data/resource_coverage.csv[DS089:evidence_url]",""
"https://doi.org/10.1016/j.jcmgh.2021.06.022","ok","200","https://linkinghub.elsevier.com/retrieve/pii/S2352345X21001375","1","data/ibd_omics_datasets.csv[DS089:publication_url]",""
"https://pubmed.ncbi.nlm.nih.gov/34224909/","ok","200","https://pubmed.ncbi.nlm.nih.gov/34224909/","1","data/ibd_omics_datasets.csv[DS089:evidence_url]",""
"https://pmc.ncbi.nlm.nih.gov/articles/PMC8551698/","ok","200","https://pmc.ncbi.nlm.nih.gov/articles/PMC8551698/","1","data/ibd_omics_datasets.csv[DS089:evidence_url]",""
"https://www.ncbi.nlm.nih.gov/geo/query/acc.cgi?acc=GSE95437","ok","200","https://www.ncbi.nlm.nih.gov/geo/query/acc.cgi?acc=GSE95437","3","data/ibd_omics_datasets.csv[DS090:dataset_url] | data/ibd_omics_datasets.csv[DS090:evidence_url] | data/resource_coverage.csv[DS090:evidence_url]",""
"https://doi.org/10.1038/s41467-018-03766-z","ok","200","https://www.nature.com/articles/s41467-018-03766-z","1","data/ibd_omics_datasets.csv[DS090:publication_url]",""
"https://pubmed.ncbi.nlm.nih.gov/29695774/","ok","200","https://pubmed.ncbi.nlm.nih.gov/29695774/","1","data/ibd_omics_datasets.csv[DS090:evidence_url]",""
"https://pmc.ncbi.nlm.nih.gov/articles/PMC5916929/","ok","200","https://pmc.ncbi.nlm.nih.gov/articles/PMC5916929/","1","data/ibd_omics_datasets.csv[DS090:evidence_url]",""
"https://www.ebi.ac.uk/ena/browser/view/E-MTAB-7604","ok","200","https://www.ebi.ac.uk/ena/browser/view/E-MTAB-7604","3","data/ibd_omics_datasets.csv[DS091:dataset_url] | data/ibd_omics_datasets.csv[DS091:evidence_url] | data/resource_coverage.csv[DS091:evidence_url]",""
"https://pubmed.ncbi.nlm.nih.gov/30685385/","ok","200","https://pubmed.ncbi.nlm.nih.gov/30685385/","2","data/ibd_omics_datasets.csv[DS091:publication_url] | data/ibd_omics_datasets.csv[DS091:evidence_url]",""
"https://www.ebi.ac.uk/ena/browser/view/E-MTAB-9731","ok","200","https://www.ebi.ac.uk/ena/browser/view/E-MTAB-9731","3","data/ibd_omics_datasets.csv[DS092:dataset_url] | data/ibd_omics_datasets.csv[DS092:evidence_url] | data/resource_coverage.csv[DS092:evidence_url]",""
"https://www.ncbi.nlm.nih.gov/geo/query/acc.cgi?acc=GSE164871","ok","200","https://www.ncbi.nlm.nih.gov/geo/query/acc.cgi?acc=GSE164871","3","data/ibd_omics_datasets.csv[DS093:dataset_url] | data/ibd_omics_datasets.csv[DS093:evidence_url] | data/resource_coverage.csv[DS093:evidence_url]",""
"https://www.ncbi.nlm.nih.gov/bioproject/PRJNA692234","ok","200","https://www.ncbi.nlm.nih.gov/bioproject/PRJNA692234","1","data/ibd_omics_datasets.csv[DS093:evidence_url]",""
"https://www.ncbi.nlm.nih.gov/sra?term=SRP301816","ok","200","https://www.ncbi.nlm.nih.gov/sra?term=SRP301816","1","data/ibd_omics_datasets.csv[DS093:evidence_url]",""
"https://www.ncbi.nlm.nih.gov/geo/query/acc.cgi?acc=GSE171244","ok","200","https://www.ncbi.nlm.nih.gov/geo/query/acc.cgi?acc=GSE171244","3","data/ibd_omics_datasets.csv[DS094:dataset_url] | data/ibd_omics_datasets.csv[DS094:evidence_url] | data/resource_coverage.csv[DS094:evidence_url]",""
"https://pubmed.ncbi.nlm.nih.gov/34113837/","ok","200","https://pubmed.ncbi.nlm.nih.gov/34113837/","2","data/ibd_omics_datasets.csv[DS094:publication_url] | data/ibd_omics_datasets.csv[DS094:evidence_url]",""
"https://www.ncbi.nlm.nih.gov/bioproject/PRJNA718848","ok","200","https://www.ncbi.nlm.nih.gov/bioproject/PRJNA718848","1","data/ibd_omics_datasets.csv[DS094:evidence_url]",""
"https://www.ncbi.nlm.nih.gov/sra?term=SRP312907","ok","200","https://www.ncbi.nlm.nih.gov/sra?term=SRP312907","1","data/ibd_omics_datasets.csv[DS094:evidence_url]",""
"https://www.ncbi.nlm.nih.gov/geo/query/acc.cgi?acc=GSE161031","ok","200","https://www.ncbi.nlm.nih.gov/geo/query/acc.cgi?acc=GSE161031","3","data/ibd_omics_datasets.csv[DS095:dataset_url] | data/ibd_omics_datasets.csv[DS095:evidence_url] | data/resource_coverage.csv[DS095:evidence_url]",""
"https://doi.org/10.1016/j.cell.2022.06.048","ok","200","https://linkinghub.elsevier.com/retrieve/pii/S0092867422008418","1","data/ibd_omics_datasets.csv[DS095:publication_url]",""
"https://ftp.ncbi.nlm.nih.gov/geo/series/GSE161nnn/GSE161031/matrix/GSE161031_series_matrix.txt.gz","ok","200","https://ftp.ncbi.nlm.nih.gov/geo/series/GSE161nnn/GSE161031/matrix/GSE161031_series_matrix.txt.gz","1","data/ibd_omics_datasets.csv[DS095:evidence_url]",""
"https://trace.ncbi.nlm.nih.gov/Traces/sra-db-be/runinfo?acc=SRP291527","ok","200","https://trace.ncbi.nlm.nih.gov/Traces/sra-db-be/runinfo?acc=SRP291527","1","data/ibd_omics_datasets.csv[DS095:evidence_url]",""
"https://pubmed.ncbi.nlm.nih.gov/35952671/","ok","200","https://pubmed.ncbi.nlm.nih.gov/35952671/","1","data/ibd_omics_datasets.csv[DS095:evidence_url]",""
"https://www.ncbi.nlm.nih.gov/geo/query/acc.cgi?acc=GSE66207","ok","200","https://www.ncbi.nlm.nih.gov/geo/query/acc.cgi?acc=GSE66207","3","data/ibd_omics_datasets.csv[DS096:dataset_url] | data/ibd_omics_datasets.csv[DS096:evidence_url] | data/resource_coverage.csv[DS096:evidence_url]",""
"https://doi.org/10.1097/MIB.0000000000000478","access_restricted","403","","1","data/ibd_omics_datasets.csv[DS096:publication_url]","The remote server returned an error: (403) Forbidden."
"https://pubmed.ncbi.nlm.nih.gov/26164662/","ok","200","https://pubmed.ncbi.nlm.nih.gov/26164662/","1","data/ibd_omics_datasets.csv[DS096:evidence_url]",""
"https://pmc.ncbi.nlm.nih.gov/articles/PMC4603665/","ok","200","https://pmc.ncbi.nlm.nih.gov/articles/PMC4603665/","1","data/ibd_omics_datasets.csv[DS096:evidence_url]",""
"https://www.ncbi.nlm.nih.gov/geo/query/acc.cgi?acc=GSE67250","ok","200","https://www.ncbi.nlm.nih.gov/geo/query/acc.cgi?acc=GSE67250","3","data/ibd_omics_datasets.csv[DS097:dataset_url] | data/ibd_omics_datasets.csv[DS097:evidence_url] | data/resource_coverage.csv[DS097:evidence_url]",""
"https://pubmed.ncbi.nlm.nih.gov/26973718/","ok","200","https://pubmed.ncbi.nlm.nih.gov/26973718/","2","data/ibd_omics_datasets.csv[DS097:publication_url] | data/ibd_omics_datasets.csv[DS097:evidence_url]",""
"https://ftp.ncbi.nlm.nih.gov/geo/series/GSE67nnn/GSE67250/soft/GSE67250_family.soft.gz","ok","200","https://ftp.ncbi.nlm.nih.gov/geo/series/GSE67nnn/GSE67250/soft/GSE67250_family.soft.gz","1","data/ibd_omics_datasets.csv[DS097:evidence_url]",""
"https://www.ncbi.nlm.nih.gov/geo/query/acc.cgi?acc=GSE69446","ok","200","https://www.ncbi.nlm.nih.gov/geo/query/acc.cgi?acc=GSE69446","3","data/ibd_omics_datasets.csv[DS098:dataset_url] | data/ibd_omics_datasets.csv[DS098:evidence_url] | data/resource_coverage.csv[DS098:evidence_url]",""
"https://pubmed.ncbi.nlm.nih.gov/29263823/","ok","200","https://pubmed.ncbi.nlm.nih.gov/29263823/","2","data/ibd_omics_datasets.csv[DS098:publication_url] | data/ibd_omics_datasets.csv[DS098:evidence_url]",""
"https://ftp.ncbi.nlm.nih.gov/geo/series/GSE69nnn/GSE69446/matrix/GSE69446_series_matrix.txt.gz","ok","200","https://ftp.ncbi.nlm.nih.gov/geo/series/GSE69nnn/GSE69446/matrix/GSE69446_series_matrix.txt.gz","1","data/ibd_omics_datasets.csv[DS098:evidence_url]",""
"https://www.ncbi.nlm.nih.gov/geo/query/acc.cgi?acc=GSE83381","ok","200","https://www.ncbi.nlm.nih.gov/geo/query/acc.cgi?acc=GSE83381","3","data/ibd_omics_datasets.csv[DS099:dataset_url] | data/ibd_omics_datasets.csv[DS099:evidence_url] | data/resource_coverage.csv[DS099:evidence_url]",""
"https://pubmed.ncbi.nlm.nih.gov/28783698/","ok","200","https://pubmed.ncbi.nlm.nih.gov/28783698/","2","data/ibd_omics_datasets.csv[DS099:publication_url] | data/ibd_omics_datasets.csv[DS099:evidence_url]",""
"https://ftp.ncbi.nlm.nih.gov/geo/series/GSE83nnn/GSE83381/matrix/GSE83381_series_matrix.txt.gz","ok","200","https://ftp.ncbi.nlm.nih.gov/geo/series/GSE83nnn/GSE83381/matrix/GSE83381_series_matrix.txt.gz","1","data/ibd_omics_datasets.csv[DS099:evidence_url]",""
"https://trace.ncbi.nlm.nih.gov/Traces/sra-db-be/runinfo?acc=SRP076599","ok","200","https://trace.ncbi.nlm.nih.gov/Traces/sra-db-be/runinfo?acc=SRP076599","1","data/ibd_omics_datasets.csv[DS099:evidence_url]",""
"https://www.ncbi.nlm.nih.gov/geo/query/acc.cgi?acc=GSE135223","ok","200","https://www.ncbi.nlm.nih.gov/geo/query/acc.cgi?acc=GSE135223","3","data/ibd_omics_datasets.csv[DS100:dataset_url] | data/ibd_omics_datasets.csv[DS100:evidence_url] | data/resource_coverage.csv[DS100:evidence_url]",""
"https://pubmed.ncbi.nlm.nih.gov/35394816/","ok","200","https://pubmed.ncbi.nlm.nih.gov/35394816/","2","data/ibd_omics_datasets.csv[DS100:publication_url] | data/ibd_omics_datasets.csv[DS100:evidence_url]",""
"https://www.ncbi.nlm.nih.gov/bioproject/PRJNA557840","ok","200","https://www.ncbi.nlm.nih.gov/bioproject/PRJNA557840","1","data/ibd_omics_datasets.csv[DS100:evidence_url]",""
"https://www.ncbi.nlm.nih.gov/sra?term=SRP217042","ok","200","https://www.ncbi.nlm.nih.gov/sra?term=SRP217042","1","data/ibd_omics_datasets.csv[DS100:evidence_url]",""
"https://www.ncbi.nlm.nih.gov/geo/query/acc.cgi?acc=GSE9452","ok","200","https://www.ncbi.nlm.nih.gov/geo/query/acc.cgi?acc=GSE9452","3","data/ibd_omics_datasets.csv[DS101:dataset_url] | data/ibd_omics_datasets.csv[DS101:evidence_url] | data/resource_coverage.csv[DS101:evidence_url]",""
"https://pubmed.ncbi.nlm.nih.gov/19177426/","ok","200","https://pubmed.ncbi.nlm.nih.gov/19177426/","2","data/ibd_omics_datasets.csv[DS101:publication_url] | data/ibd_omics_datasets.csv[DS101:evidence_url]",""
"https://www.ncbi.nlm.nih.gov/bioproject/PRJNA103213","ok","200","https://www.ncbi.nlm.nih.gov/bioproject/PRJNA103213","1","data/ibd_omics_datasets.csv[DS101:evidence_url]",""
"https://www.ncbi.nlm.nih.gov/geo/query/acc.cgi?acc=GSE100833","ok","200","https://www.ncbi.nlm.nih.gov/geo/query/acc.cgi?acc=GSE100833","3","data/ibd_omics_datasets.csv[DS102:dataset_url] | data/ibd_omics_datasets.csv[DS102:evidence_url] | data/resource_coverage.csv[DS102:evidence_url]",""
"https://doi.org/10.1038/ng.3947","ok","200","https://www.nature.com/articles/ng.3947","1","data/ibd_omics_datasets.csv[DS102:publication_url]",""
"https://pmc.ncbi.nlm.nih.gov/articles/PMC5660607/","ok","200","https://pmc.ncbi.nlm.nih.gov/articles/PMC5660607/","1","data/ibd_omics_datasets.csv[DS102:evidence_url]",""
"https://www.ncbi.nlm.nih.gov/geo/query/acc.cgi?acc=GSE102746","ok","200","https://www.ncbi.nlm.nih.gov/geo/query/acc.cgi?acc=GSE102746","3","data/ibd_omics_datasets.csv[DS103:dataset_url] | data/ibd_omics_datasets.csv[DS103:evidence_url] | data/resource_coverage.csv[DS103:evidence_url]",""
"https://pubmed.ncbi.nlm.nih.gov/29983891/","ok","200","https://pubmed.ncbi.nlm.nih.gov/29983891/","2","data/ibd_omics_datasets.csv[DS103:publication_url] | data/ibd_omics_datasets.csv[DS103:evidence_url]",""
"https://ftp.ncbi.nlm.nih.gov/geo/series/GSE102nnn/GSE102746/matrix/GSE102746_series_matrix.txt.gz","ok","200","https://ftp.ncbi.nlm.nih.gov/geo/series/GSE102nnn/GSE102746/matrix/GSE102746_series_matrix.txt.gz","1","data/ibd_omics_datasets.csv[DS103:evidence_url]",""
"https://www.ncbi.nlm.nih.gov/geo/query/acc.cgi?acc=GSE158952","ok","200","https://www.ncbi.nlm.nih.gov/geo/query/acc.cgi?acc=GSE158952","3","data/ibd_omics_datasets.csv[DS104:dataset_url] | data/ibd_omics_datasets.csv[DS104:evidence_url] | data/resource_coverage.csv[DS104:evidence_url]",""
"https://pubmed.ncbi.nlm.nih.gov/34301333/","ok","200","https://pubmed.ncbi.nlm.nih.gov/34301333/","2","data/ibd_omics_datasets.csv[DS104:publication_url] | data/ibd_omics_datasets.csv[DS104:evidence_url]",""
"https://ftp.ncbi.nlm.nih.gov/geo/series/GSE158nnn/GSE158952/matrix/GSE158952-GPL16791_series_matrix.txt.gz","ok","200","https://ftp.ncbi.nlm.nih.gov/geo/series/GSE158nnn/GSE158952/matrix/GSE158952-GPL16791_series_matrix.txt.gz","1","data/ibd_omics_datasets.csv[DS104:evidence_url]",""
"https://ftp.ncbi.nlm.nih.gov/geo/series/GSE158nnn/GSE158952/matrix/GSE158952-GPL20301_series_matrix.txt.gz","ok","200","https://ftp.ncbi.nlm.nih.gov/geo/series/GSE158nnn/GSE158952/matrix/GSE158952-GPL20301_series_matrix.txt.gz","1","data/ibd_omics_datasets.csv[DS104:evidence_url]",""
"https://www.ncbi.nlm.nih.gov/geo/query/acc.cgi?acc=GSE72819","ok","200","https://www.ncbi.nlm.nih.gov/geo/query/acc.cgi?acc=GSE72819","3","data/ibd_omics_datasets.csv[DS105:dataset_url] | data/ibd_omics_datasets.csv[DS105:evidence_url] | data/resource_coverage.csv[DS105:evidence_url]",""
"https://doi.org/10.1053/j.gastro.2015.10.041","ok","200","https://linkinghub.elsevier.com/retrieve/pii/S0016508515015747","1","data/ibd_omics_datasets.csv[DS105:publication_url]",""
"https://pubmed.ncbi.nlm.nih.gov/26522261/","ok","200","https://pubmed.ncbi.nlm.nih.gov/26522261/","1","data/ibd_omics_datasets.csv[DS105:evidence_url]",""
"https://www.ncbi.nlm.nih.gov/geo/query/acc.cgi?acc=GSE23597","ok","200","https://www.ncbi.nlm.nih.gov/geo/query/acc.cgi?acc=GSE23597","3","data/ibd_omics_datasets.csv[DS106:dataset_url] | data/ibd_omics_datasets.csv[DS106:evidence_url] | data/resource_coverage.csv[DS106:evidence_url]",""
"https://doi.org/10.1038/ajg.2011.83","ok","200","https://journals.lww.com/ajg/fulltext/2011/07000/gene_expression_profiling_and_response_signatures.16.aspx","1","data/ibd_omics_datasets.csv[DS106:publication_url]",""
"https://pubmed.ncbi.nlm.nih.gov/21448149/","ok","200","https://pubmed.ncbi.nlm.nih.gov/21448149/","1","data/ibd_omics_datasets.csv[DS106:evidence_url]",""
"https://pubmed.ncbi.nlm.nih.gov/31039157/","ok","200","https://pubmed.ncbi.nlm.nih.gov/31039157/","1","data/ibd_omics_datasets.csv[DS106:evidence_url]",""
"https://www.ncbi.nlm.nih.gov/geo/query/acc.cgi?acc=GSE207022","ok","200","https://www.ncbi.nlm.nih.gov/geo/query/acc.cgi?acc=GSE207022","3","data/ibd_omics_datasets.csv[DS107:dataset_url] | data/ibd_omics_datasets.csv[DS107:evidence_url] | data/resource_coverage.csv[DS107:evidence_url]",""
"https://ftp.ncbi.nlm.nih.gov/geo/series/GSE207nnn/GSE207022/matrix/GSE207022_series_matrix.txt.gz","ok","200","https://ftp.ncbi.nlm.nih.gov/geo/series/GSE207nnn/GSE207022/matrix/GSE207022_series_matrix.txt.gz","1","data/ibd_omics_datasets.csv[DS107:evidence_url]",""
"https://www.ncbi.nlm.nih.gov/geo/query/acc.cgi?acc=GSE53306","ok","200","https://www.ncbi.nlm.nih.gov/geo/query/acc.cgi?acc=GSE53306","3","data/ibd_omics_datasets.csv[DS108:dataset_url] | data/ibd_omics_datasets.csv[DS108:evidence_url] | data/resource_coverage.csv[DS108:evidence_url]",""
"https://pubmed.ncbi.nlm.nih.gov/26034135/","ok","200","https://pubmed.ncbi.nlm.nih.gov/26034135/","2","data/ibd_omics_datasets.csv[DS108:publication_url] | data/ibd_omics_datasets.csv[DS108:evidence_url]",""
"https://ftp.ncbi.nlm.nih.gov/geo/series/GSE53nnn/GSE53306/matrix/GSE53306_series_matrix.txt.gz","ok","200","https://ftp.ncbi.nlm.nih.gov/geo/series/GSE53nnn/GSE53306/matrix/GSE53306_series_matrix.txt.gz","1","data/ibd_omics_datasets.csv[DS108:evidence_url]",""
"https://www.ncbi.nlm.nih.gov/geo/query/acc.cgi?acc=GSE207465","ok","200","https://www.ncbi.nlm.nih.gov/geo/query/acc.cgi?acc=GSE207465","2","data/ibd_omics_datasets.csv[DS109:dataset_url] | data/ibd_omics_datasets.csv[DS109:evidence_url]",""
"https://www.ncbi.nlm.nih.gov/geo/query/acc.cgi?acc=GSE98820","ok","200","https://www.ncbi.nlm.nih.gov/geo/query/acc.cgi?acc=GSE98820","2","data/ibd_omics_datasets.csv[DS110:dataset_url] | data/ibd_omics_datasets.csv[DS110:evidence_url]",""
"https://www.ncbi.nlm.nih.gov/geo/query/acc.cgi?acc=GSE111761","ok","200","https://www.ncbi.nlm.nih.gov/geo/query/acc.cgi?acc=GSE111761","2","data/ibd_omics_datasets.csv[DS111:dataset_url] | data/ibd_omics_datasets.csv[DS111:evidence_url]",""
"https://pubmed.ncbi.nlm.nih.gov/29848778/","ok","200","https://pubmed.ncbi.nlm.nih.gov/29848778/","2","data/ibd_omics_datasets.csv[DS111:publication_url] | data/ibd_omics_datasets.csv[DS111:evidence_url]",""
"https://www.ncbi.nlm.nih.gov/geo/query/acc.cgi?acc=GSE261334","ok","200","https://www.ncbi.nlm.nih.gov/geo/query/acc.cgi?acc=GSE261334","2","data/ibd_omics_datasets.csv[DS112:dataset_url] | data/ibd_omics_datasets.csv[DS112:evidence_url]",""
"https://pubmed.ncbi.nlm.nih.gov/39343250/","ok","200","https://pubmed.ncbi.nlm.nih.gov/39343250/","2","data/ibd_omics_datasets.csv[DS112:publication_url] | data/ibd_omics_datasets.csv[DS112:evidence_url]",""
"https://www.ncbi.nlm.nih.gov/geo/query/acc.cgi?acc=GSE228165","ok","200","https://www.ncbi.nlm.nih.gov/geo/query/acc.cgi?acc=GSE228165","2","data/ibd_omics_datasets.csv[DS113:dataset_url] | data/ibd_omics_datasets.csv[DS113:evidence_url]",""
"https://pubmed.ncbi.nlm.nih.gov/37235748/","ok","200","https://pubmed.ncbi.nlm.nih.gov/37235748/","2","data/ibd_omics_datasets.csv[DS113:publication_url] | data/ibd_omics_datasets.csv[DS113:evidence_url]",""
"https://www.ncbi.nlm.nih.gov/geo/query/acc.cgi?acc=GSE250487","ok","200","https://www.ncbi.nlm.nih.gov/geo/query/acc.cgi?acc=GSE250487","2","data/ibd_omics_datasets.csv[DS114:dataset_url] | data/ibd_omics_datasets.csv[DS114:evidence_url]",""
"https://pubmed.ncbi.nlm.nih.gov/38374043/","ok","200","https://pubmed.ncbi.nlm.nih.gov/38374043/","6","data/ibd_omics_datasets.csv[DS114:publication_url] | data/ibd_omics_datasets.csv[DS114:evidence_url] | data/ibd_omics_datasets.csv[DS115:publication_url] | data/ibd_omics_datasets.csv[DS115:evidence_url] | data/ibd_omics_datasets.csv[DS116:publication_url]",""
"https://www.ncbi.nlm.nih.gov/geo/query/acc.cgi?acc=GSE250498","ok","200","https://www.ncbi.nlm.nih.gov/geo/query/acc.cgi?acc=GSE250498","1","data/ibd_omics_datasets.csv[DS114:evidence_url]",""
"https://www.ncbi.nlm.nih.gov/projects/gap/cgi-bin/study.cgi?study_id=phs003502.v1.p1","ok","200","https://www.ncbi.nlm.nih.gov/projects/gap/cgi-bin/study.cgi?study_id=phs003502.v1.p1","3","data/ibd_omics_datasets.csv[DS114:evidence_url] | data/ibd_omics_datasets.csv[DS115:evidence_url] | data/ibd_omics_datasets.csv[DS116:evidence_url]","OK after longer GET retry; dbGaP pages are slow under scripted checks."
"https://www.nature.com/articles/s41467-024-45665-6","ok","200","https://www.nature.com/articles/s41467-024-45665-6","3","data/ibd_omics_datasets.csv[DS114:evidence_url] | data/ibd_omics_datasets.csv[DS115:evidence_url] | data/ibd_omics_datasets.csv[DS116:evidence_url]",""
"https://www.ncbi.nlm.nih.gov/geo/query/acc.cgi?acc=GSE250488","ok","200","https://www.ncbi.nlm.nih.gov/geo/query/acc.cgi?acc=GSE250488","2","data/ibd_omics_datasets.csv[DS115:dataset_url] | data/ibd_omics_datasets.csv[DS115:evidence_url]",""
"https://www.ncbi.nlm.nih.gov/geo/query/acc.cgi?acc=GSE250490","ok","200","https://www.ncbi.nlm.nih.gov/geo/query/acc.cgi?acc=GSE250490","2","data/ibd_omics_datasets.csv[DS116:dataset_url] | data/ibd_omics_datasets.csv[DS116:evidence_url]",""
"https://ega-archive.org/studies/EGAS50000000140","ok","200","https://ega-archive.org/studies/EGAS50000000140","2","data/ibd_omics_datasets.csv[DS117:dataset_url] | data/ibd_omics_datasets.csv[DS117:evidence_url]",""
"https://ega-archive.org/datasets/EGAD50000000198","ok","200","https://ega-archive.org/datasets/EGAD50000000198","1","data/ibd_omics_datasets.csv[DS117:evidence_url]",""
"https://www.ncbi.nlm.nih.gov/geo/query/acc.cgi?acc=GSE312415","ok","200","https://www.ncbi.nlm.nih.gov/geo/query/acc.cgi?acc=GSE312415","2","data/ibd_omics_datasets.csv[DS118:dataset_url] | data/ibd_omics_datasets.csv[DS118:evidence_url]",""
"https://www.nature.com/articles/s41467-026-72482-w","ok","200","https://www.nature.com/articles/s41467-026-72482-w","4","data/ibd_omics_datasets.csv[DS118:publication_url] | data/ibd_omics_datasets.csv[DS118:evidence_url] | data/ibd_omics_datasets.csv[DS119:publication_url] | data/ibd_omics_datasets.csv[DS119:evidence_url]",""
"https://www.ncbi.nlm.nih.gov/geo/query/acc.cgi?acc=GPL33484","ok","200","https://www.ncbi.nlm.nih.gov/geo/query/acc.cgi?acc=GPL33484","1","data/ibd_omics_datasets.csv[DS118:evidence_url]",""
"https://www.ncbi.nlm.nih.gov/bioproject/PRJNA1373285","ok","200","https://www.ncbi.nlm.nih.gov/bioproject/PRJNA1373285","1","data/ibd_omics_datasets.csv[DS118:evidence_url]",""
"https://www.ncbi.nlm.nih.gov/geo/query/acc.cgi?acc=GSE312420","ok","200","https://www.ncbi.nlm.nih.gov/geo/query/acc.cgi?acc=GSE312420","2","data/ibd_omics_datasets.csv[DS119:dataset_url] | data/ibd_omics_datasets.csv[DS119:evidence_url]",""
"https://www.ncbi.nlm.nih.gov/bioproject/PRJNA1373279","ok","200","https://www.ncbi.nlm.nih.gov/bioproject/PRJNA1373279","1","data/ibd_omics_datasets.csv[DS119:evidence_url]",""
"https://www.ncbi.nlm.nih.gov/bioproject/PRJEB18471","ok","200","https://www.ncbi.nlm.nih.gov/bioproject/PRJEB18471","2","data/ibd_omics_datasets.csv[DS120:dataset_url] | data/ibd_omics_datasets.csv[DS120:evidence_url]",""
"https://www.nature.com/articles/nmicrobiol20174","ok","200","https://www.nature.com/articles/nmicrobiol20174","2","data/ibd_omics_datasets.csv[DS120:publication_url] | data/ibd_omics_datasets.csv[DS120:evidence_url]",""
"https://www.ebi.ac.uk/ena/browser/view/PRJEB18471","ok","200","https://www.ebi.ac.uk/ena/browser/view/PRJEB18471","1","data/ibd_omics_datasets.csv[DS120:evidence_url]",""
"https://pubmed.ncbi.nlm.nih.gov/28191884/","ok","200","https://pubmed.ncbi.nlm.nih.gov/28191884/","1","data/ibd_omics_datasets.csv[DS120:evidence_url]",""
"https://www.ncbi.nlm.nih.gov/geo/query/acc.cgi?acc=GSE112611","ok","200","https://www.ncbi.nlm.nih.gov/geo/query/acc.cgi?acc=GSE112611","2","data/ibd_omics_datasets.csv[DS121:dataset_url] | data/ibd_omics_datasets.csv[DS121:evidence_url]",""
"https://pubmed.ncbi.nlm.nih.gov/30779925/","ok","200","https://pubmed.ncbi.nlm.nih.gov/30779925/","2","data/ibd_omics_datasets.csv[DS121:publication_url] | data/ibd_omics_datasets.csv[DS121:evidence_url]",""
"https://www.metabolomicsworkbench.org/data/DRCCMetadata.php?Mode=Study&StudyID=ST003312","ok","200","https://www.metabolomicsworkbench.org/data/DRCCMetadata.php?Mode=Study&StudyID=ST003312","2","data/ibd_omics_datasets.csv[DS122:dataset_url] | data/ibd_omics_datasets.csv[DS122:evidence_url]",""
"https://pubmed.ncbi.nlm.nih.gov/40650893/","ok","200","https://pubmed.ncbi.nlm.nih.gov/40650893/","2","data/ibd_omics_datasets.csv[DS122:publication_url] | data/ibd_omics_datasets.csv[DS122:evidence_url]",""
"https://www.metabolomicsworkbench.org/data/DRCCMetadata.php?Mode=Study&StudyID=ST003313","ok","200","https://www.metabolomicsworkbench.org/data/DRCCMetadata.php?Mode=Study&StudyID=ST003313","1","data/ibd_omics_datasets.csv[DS122:evidence_url]",""
"https://scibd.cn/","ok","200","https://scibd.cn/","2","data/integrated_resources.csv[IR001:access_url] | data/integrated_resources.csv[IR001:evidence_url]",""
"https://www.nature.com/articles/s43588-023-00464-9","ok","200","https://www.nature.com/articles/s43588-023-00464-9","3","data/integrated_resources.csv[IR001:evidence_url] | data/resource_coverage.csv[DS076:evidence_url] | data/resource_coverage.csv[HRA000072:evidence_url]",""
"https://www.gutcellatlas.org/","ok","200","https://www.gutcellatlas.org/","2","data/integrated_resources.csv[IR002:access_url] | data/integrated_resources.csv[IR002:evidence_url]",""
"https://pmc.ncbi.nlm.nih.gov/articles/PMC11578898/","ok","200","https://pmc.ncbi.nlm.nih.gov/articles/PMC11578898/","34","data/integrated_resources.csv[IR002:evidence_url] | data/resource_coverage.csv[DS020:evidence_url] | data/resource_coverage.csv[DS070:evidence_url] | data/resource_coverage.csv[DS071:evidence_url] | data/resource_coverage.csv[DS074:evidence_url]",""
"https://cellxgene.cziscience.com/collections","ok","200","https://cellxgene.cziscience.com/collections","2","data/integrated_resources.csv[IR003:access_url] | data/integrated_resources.csv[IR003:evidence_url]",""
"https://explore.data.humancellatlas.org/","ok","200","https://explore.data.humancellatlas.org/","2","data/integrated_resources.csv[IR004:access_url] | data/integrated_resources.csv[IR004:evidence_url]",""
"https://abbviegrc.shinyapps.io/ibdtransdb/","ok","200","https://abbviegrc.shinyapps.io/ibdtransdb/","1","data/integrated_resources.csv[IR005:access_url]",""
"https://pmc.ncbi.nlm.nih.gov/articles/PMC10986744/","ok","200","https://pmc.ncbi.nlm.nih.gov/articles/PMC10986744/","1","data/integrated_resources.csv[IR005:evidence_url]",""
"https://github.com/abbviegrc/IBDTransDB","ok","200","https://github.com/abbviegrc/IBDTransDB","1","data/integrated_resources.csv[IR005:evidence_url]",""
"https://www.crohnscolitisfoundation.org/research/signature-foundation-programs/ibd-plexus","access_restricted","403","","2","data/integrated_resources.csv[IR006:access_url] | data/integrated_resources.csv[IR006:evidence_url]","The remote server returned an error: (403) Forbidden."
"https://www.ibdgc.org/research/resources","ok","200","https://www.ibdgc.org/research/resources","2","data/integrated_resources.csv[IR007:access_url] | data/integrated_resources.csv[IR007:evidence_url]",""
"https://pubmed.ncbi.nlm.nih.gov/26192919/","ok","200","https://pubmed.ncbi.nlm.nih.gov/26192919/","1","data/integrated_resources.csv[IR007:evidence_url]",""
"https://www.ebi.ac.uk/gwas/efotraits/EFO_0003767","ok","200","https://www.ebi.ac.uk/gwas/efotraits/EFO_0003767","2","data/integrated_resources.csv[IR008:access_url] | data/integrated_resources.csv[IR008:evidence_url]",""
"https://genetics.opentargets.org","ok","200","https://platform.opentargets.org/?from=genetics","2","data/integrated_resources.csv[IR009:access_url] | data/integrated_resources.csv[IR009:evidence_url]",""
"https://academic.oup.com/nar/article/49/D1/D1311/5921290","access_restricted","403","","1","data/integrated_resources.csv[IR009:evidence_url]","The remote server returned an error: (403) Forbidden."
"https://r10.finngen.fi","ok","200","https://r10.finngen.fi/","1","data/integrated_resources.csv[IR010:access_url]",""
"https://pan.ukbb.broadinstitute.org","ok","200","https://pan.ukbb.broadinstitute.org/","1","data/integrated_resources.csv[IR010:access_url]",""
"https://r10.risteys.finngen.fi/endpoints/K11_IBD_STRICT","ok","200","https://r10.risteys.finngen.fi/endpoints/K11_IBD_STRICT","1","data/integrated_resources.csv[IR010:evidence_url]",""
"https://pan.ukbb.broadinstitute.org/docs/study-design/index.html","ok","200","https://pan.ukbb.broadinstitute.org/docs/study-design/index.html","1","data/integrated_resources.csv[IR010:evidence_url]",""
"https://github.com/niehu-szbl/scIBD_website_code","ok","200","https://github.com/niehu-szbl/scIBD_website_code","12","data/resource_coverage.csv[DS020:evidence_url] | data/resource_coverage.csv[DS044:evidence_url] | data/resource_coverage.csv[DS070:evidence_url] | data/resource_coverage.csv[DS071:evidence_url] | data/resource_coverage.csv[DS072:evidence_url]",""
"https://www.ncbi.nlm.nih.gov/geo/query/acc.cgi?acc=GSE158702","ok","200","https://www.ncbi.nlm.nih.gov/geo/query/acc.cgi?acc=GSE158702","1","data/resource_coverage.csv[GSE158702:evidence_url]",""
"https://www.ebi.ac.uk/ena/browser/view/E-MTAB-8901","ok","200","https://www.ebi.ac.uk/ena/browser/view/E-MTAB-8901","2","data/resource_coverage.csv[E-MTAB-8901:evidence_url] | data/resource_coverage.csv[E-MTAB-8901:evidence_url]",""
"https://www.ebi.ac.uk/ena/browser/view/E-MTAB-9543","ok","200","https://www.ebi.ac.uk/ena/browser/view/E-MTAB-9543","2","data/resource_coverage.csv[E-MTAB-9543:evidence_url] | data/resource_coverage.csv[E-MTAB-9543:evidence_url]",""
"https://www.ebi.ac.uk/ena/browser/view/E-MTAB-9536","ok","200","https://www.ebi.ac.uk/ena/browser/view/E-MTAB-9536","2","data/resource_coverage.csv[E-MTAB-9536:evidence_url] | data/resource_coverage.csv[E-MTAB-9536:evidence_url]",""
"https://ega-archive.org/studies/EGAS00001003779","ok","200","https://ega-archive.org/studies/EGAS00001003779","1","data/resource_coverage.csv[EGAS00001003779:evidence_url]",""
