"dataset_id","dataset_name","study_name","accession","repository","repository_type","publication_title","publication_year","doi","disease","population","sample_type","tissue_site","omics_layer","platform","study_design","sample_size_subjects","sample_size_samples","raw_data_available","processed_data_available","controlled_access","clinical_metadata","endoscopy_available","treatment_metadata","longitudinal","potential_use_cases","limitations","data_access_status","curation_status","dataset_url","publication_url","notes","pmid","citation_verified","verification_status","source_record_checked","publication_checked","data_access_checked","sample_metadata_checked","verification_date","verified_by","verification_notes","evidence_url","usable_for_disease_vs_control","usable_for_cd_vs_uc","usable_for_pediatric_analysis","usable_for_treatment_response","usable_for_longitudinal_analysis","usable_for_host_microbiome","usable_for_deconvolution_reference","usable_for_genetics_target_prioritization"
"DS001","IBDMDB / iHMP IBD Multi-omics","IBDMDB / iHMP IBD Multi-omics","GSE111889; phs001626.v1.p1; PRJNA398089","IBDMDB; GEO; HMP portal; dbGaP","Multi-omics portal; public archive; controlled-access archive","Multi-omics of the gut microbial ecosystem in inflammatory bowel diseases","2019","10.1038/s41586-019-1237-9","CD; UC; non-IBD controls","Mixed (adult and pediatric)","Stool; Biopsy; Blood","Colon; Ileum; Rectum; Blood; Stool","Multi-omics; Bulk transcriptomics; Metagenomics; Metatranscriptomics; Metabolomics; Metaproteomics; Virome","Multiple","Longitudinal cohort","132","2,965 specimens across stool, biopsy, and blood components","Partial","Yes","Partial","Yes","Yes","Yes","Yes","Host-microbiome integration; longitudinal disease activity; integrative multi-omics; treatment response; remission prediction","Complex multi-omics structure; mixed access levels; harmonization required across modalities; visit-level completeness varies across participants","Public processed data; Controlled access (some components)","Partially verified","https://ibdmdb.org","https://www.nature.com/articles/s41586-019-1237-9","Core HMP2 (Human Microbiome Project Phase 2) study. Includes host transcriptomics, metagenomics, metatranscriptomics, proteomics, metabolomics, and virome components. Some raw data components require dbGaP approval (phs001559).","31142855","TRUE","publication_checked","TRUE","TRUE","TRUE","TRUE","2026-05-10","Codex public-source verification","Verified portal, GEO, BioProject, dbGaP index, and Nature publication. Corrected dbGaP accession from phs001559 to phs001626.v1.p1 and population from Adult to mixed adult/pediatric. Still not marked analysis-ready because modality-specific completeness varies.","https://www.nature.com/articles/s41586-019-1237-9; https://www.ncbi.nlm.nih.gov/geo/query/acc.cgi?acc=GSE111889; https://www.ncbi.nlm.nih.gov/projects/gap/cgi-bin/study.cgi?study_id=phs001626.v1.p1; https://www.ncbi.nlm.nih.gov/bioproject/398089","TRUE","TRUE","TRUE","TRUE","TRUE","TRUE","FALSE","FALSE"
"DS003","GSE193677","GSE193677; biopsy and blood-based molecular biomarker of inflammation in IBD","GSE193677","GEO","Public archive","Biopsy and blood-based molecular biomarker of inflammation in IBD","2023","10.1136/gutjnl-2021-326451","CD; UC; controls","Adult","Biopsy specimens","Intestinal mucosa; multiple sites","Bulk transcriptomics","RNA-seq; Illumina HiSeq 2500","Cross-sectional","Unclear","2490","Yes","Yes","No","Unclear","Unclear","Unclear","No","Mucosal transcriptomics; disease-vs-control comparison; CD vs UC comparison","Metadata completeness uncertain; population characteristics need verification","Public raw data; Public processed data","Partially verified","https://www.ncbi.nlm.nih.gov/geo/query/acc.cgi?acc=GSE193677","https://pubmed.ncbi.nlm.nih.gov/36109152/","GEO accession for IBD mucosal bulk RNA-seq. Full metadata should be verified against GEO record.","36109152","TRUE","publication_checked","TRUE","TRUE","TRUE","TRUE","2026-05-10","Codex public-source verification","Verified GEO record, publication, DOI, PMID, RNA-seq platform, and public raw/processed availability. Subject count not directly confirmed from GEO page.","https://www.ncbi.nlm.nih.gov/geo/query/acc.cgi?acc=GSE193677; https://pubmed.ncbi.nlm.nih.gov/36109152/","TRUE","TRUE","FALSE","FALSE","FALSE","FALSE","FALSE","FALSE"
"DS004","GSE235236","GSE235236; macrophage and neutrophil heterogeneity in IBD","GSE235236","GEO","Public archive","Macrophage and neutrophil heterogeneity at single-cell spatial resolution in human inflammatory bowel disease","2023","10.1038/s41467-023-40156-6","CD; UC; healthy controls","Unclear","Colon biopsies","Colon; sigmoid; rectum; ascending; descending; transverse","Bulk transcriptomics","RNA-seq; Illumina HiSeq 3000","Cross-sectional","Unclear","56","Yes","Yes","No","Unclear","Unclear","Unclear","No","Mucosal disease-vs-control comparison; bulk transcriptomic analysis; CD vs UC colon transcriptomics","Metadata completeness uncertain; needs verification","Public raw data; Public processed data","Partially verified","https://www.ncbi.nlm.nih.gov/geo/query/acc.cgi?acc=GSE235236","https://pubmed.ncbi.nlm.nih.gov/37495570/","GEO accession for IBD colon RNA-seq. Full metadata should be verified.","37495570","TRUE","publication_checked","TRUE","TRUE","TRUE","TRUE","2026-05-10","Codex public-source verification","Verified GEO record, publication, DOI, PMID, sample count, RNA-seq platform, and public raw/processed availability. Age group not directly supported.","https://www.ncbi.nlm.nih.gov/geo/query/acc.cgi?acc=GSE235236; https://pubmed.ncbi.nlm.nih.gov/37495570/","TRUE","TRUE","FALSE","FALSE","FALSE","FALSE","FALSE","FALSE"
"DS005","GSE57945","GSE57945; pediatric Crohn ileal transcriptome and microbiome","GSE57945","GEO","Public archive","Pediatric Crohn disease patients exhibit specific ileal transcriptome and microbiome signature","2014","10.1172/JCI75436","Pediatric CD; UC; non-IBD controls","Pediatric","Ileal biopsies","Ileum","Bulk transcriptomics","RNA-seq; Illumina HiSeq 2000","Cross-sectional","359","322","Yes","Yes","No","Unclear","Unclear","Partial","No","Pediatric IBD biology; treatment-naive mucosal signatures; pediatric CD ileal expression","Pediatric only; microarray platform; treatment naivety status should be verified","Public raw data; Public processed data","Partially verified","https://www.ncbi.nlm.nih.gov/geo/query/acc.cgi?acc=GSE57945","https://pubmed.ncbi.nlm.nih.gov/25003194/","GEO accession for pediatric IBD ileal microarray. Often cited as a treatment-naive pediatric cohort.","25003194","TRUE","publication_checked","TRUE","TRUE","TRUE","TRUE","2026-05-10","Codex public-source verification","Verified GEO and publication. Corrected platform from microarray to RNA-seq/high-throughput sequencing; public raw and processed data are available.","https://www.ncbi.nlm.nih.gov/geo/query/acc.cgi?acc=GSE57945; https://pubmed.ncbi.nlm.nih.gov/25003194/","TRUE","TRUE","TRUE","TRUE","FALSE","TRUE","FALSE","FALSE"
"DS006","GSE10616","GSE10616; pediatric-onset IBD colon biopsy expression","GSE10616","GEO","Public archive","Loci on 20q13 and 21q22 are associated with pediatric-onset inflammatory bowel disease","2008","10.1038/ng.203","Colon-only CD; ileo-colonic CD; UC; healthy controls","Pediatric","Colon biopsies","Colon","Bulk transcriptomics","Affymetrix Human Genome U133 Plus 2.0 Array","Cross-sectional","Unclear","58","Yes","Yes","No","Unclear","Unclear","Unclear","No","Pediatric mucosal IBD expression; pediatric colon transcriptomics","Pediatric only; microarray platform; metadata completeness uncertain","Public raw data; Public processed data","Partially verified","https://www.ncbi.nlm.nih.gov/geo/query/acc.cgi?acc=GSE10616","https://pubmed.ncbi.nlm.nih.gov/18758464/","GEO accession for pediatric IBD colon microarray.","18758464","TRUE","publication_checked","TRUE","TRUE","TRUE","TRUE","2026-05-10","Codex public-source verification","Verified GEO record, publication, DOI, PMID, platform, and public raw/processed availability. Subject count remains unclear because samples include internal controls.","https://www.ncbi.nlm.nih.gov/geo/query/acc.cgi?acc=GSE10616; https://pubmed.ncbi.nlm.nih.gov/18758464/","TRUE","TRUE","TRUE","FALSE","FALSE","FALSE","FALSE","FALSE"
"DS007","GSE126124","GSE126124; paired pediatric blood and colon expression","GSE126124","GEO","Public archive","Concordance between gene expression in peripheral whole blood and colonic tissue in children with inflammatory bowel disease","2019","10.1371/journal.pone.0222952","CD; UC; IBDU; non-IBD controls","Pediatric","Paired whole blood and colon biopsy","Blood; colon","Bulk transcriptomics","Affymetrix Human Gene 1.0 ST Array","Cross-sectional with paired samples","98","176","Yes","Yes","No","Unclear","Unclear","Unclear","No","Paired tissue/blood biomarker analysis; pediatric IBD biomarkers; mucosal-blood correlation","Pediatric only; paired design may limit sample sizes per group","Public raw data; Public processed data","Partially verified","https://www.ncbi.nlm.nih.gov/geo/query/acc.cgi?acc=GSE126124","https://pubmed.ncbi.nlm.nih.gov/31618209/","Paired colon biopsy and whole blood mRNA profiling in pediatric IBD.","31618209","TRUE","publication_checked","TRUE","TRUE","TRUE","TRUE","2026-05-10","Codex public-source verification","Verified GEO record and publication; 98 children and 176 samples; raw CEL archive and processed data available.","https://www.ncbi.nlm.nih.gov/geo/query/acc.cgi?acc=GSE126124; https://pubmed.ncbi.nlm.nih.gov/31618209/","TRUE","TRUE","TRUE","FALSE","FALSE","FALSE","FALSE","FALSE"
"DS008","GSE36807","GSE36807; IBD predictor classifiers by expression profiling","GSE36807","GEO","Public archive","Identification of novel predictor classifiers for inflammatory bowel disease by gene expression profiling","2013","10.1371/journal.pone.0076235","CD; UC; healthy controls","Unclear","Intestinal biopsies; colonic specimens","Colon","Bulk transcriptomics","Affymetrix Human Genome U133 Plus 2.0 Array","Cross-sectional","Unclear","35","Yes","Yes","No","Unclear","Unclear","Unclear","No","Mucosal CD-vs-UC-vs-control comparison; colonic transcriptomics","Microarray platform; metadata needs verification","Public raw data; Public processed data","Partially verified","https://www.ncbi.nlm.nih.gov/geo/query/acc.cgi?acc=GSE36807","https://pubmed.ncbi.nlm.nih.gov/24155895/","GEO accession for IBD colonic microarray with CD, UC, and control comparisons.","24155895","TRUE","publication_checked","TRUE","TRUE","TRUE","TRUE","2026-05-10","Codex public-source verification","Verified GEO record, publication, sample count, platform, and public raw/processed availability. Age group not directly supported.","https://www.ncbi.nlm.nih.gov/geo/query/acc.cgi?acc=GSE36807; https://pubmed.ncbi.nlm.nih.gov/24155895/","TRUE","TRUE","FALSE","FALSE","FALSE","FALSE","FALSE","FALSE"
"DS009","GSE6731","GSE6731; Crohn and ulcerative colitis endoscopic biopsy transcriptome","GSE6731","GEO","Public archive","Genome-wide gene expression differences in Crohn's disease and ulcerative colitis from endoscopic pinch biopsies: insights into distinctive pathogenesis","2007","10.1002/ibd.20110","Active/inactive CD; active/inactive UC; infectious colitis; controls","Unclear","Endoscopic pinch biopsies","Unclear","Bulk transcriptomics","Affymetrix Human Genome U95 Version 2 Array","Cross-sectional","Unclear","36","Yes","Unclear","No","Unclear","Unclear","Unclear","No","Disease activity signatures; differential diagnosis; mucosal inflammation; UC vs CD vs infectious colitis","Older dataset; microarray platform; disease activity classification may not use current indices","Public raw data; processed data unclear","Partially verified","https://www.ncbi.nlm.nih.gov/geo/query/acc.cgi?acc=GSE6731","https://pubmed.ncbi.nlm.nih.gov/17262812/","Includes endoscopic biopsies across active/inactive disease states and infectious colitis.","17262812","TRUE","publication_checked","TRUE","TRUE","TRUE","TRUE","2026-05-10","Codex public-source verification","Verified GEO record and publication. Raw archive is public; processed availability is less clearly stated, so processed_data_available remains Unclear.","https://www.ncbi.nlm.nih.gov/geo/query/acc.cgi?acc=GSE6731; https://pubmed.ncbi.nlm.nih.gov/17262812/","TRUE","TRUE","FALSE","FALSE","FALSE","FALSE","FALSE","FALSE"
"DS010","GSE1710","GSE1710; IBD transcriptome by cDNA microarray","GSE1710","GEO","Public archive","Dissection of the inflammatory bowel disease transcriptome using genome-wide cDNA microarrays","2005","10.1371/journal.pmed.0020199","CD; UC; normal controls","Unclear","Mucosal biopsy samples","Sigmoid colon","Bulk transcriptomics","cDNA microarray; Human UniGene Set RZPD 1","Cross-sectional","31","31","No","Yes","No","Unclear","Unclear","Unclear","No","CD-vs-UC mucosal comparison; sigmoid colon signatures","Older dataset; limited disease activity metadata; microarray platform","Public processed data only","Partially verified","https://www.ncbi.nlm.nih.gov/geo/query/acc.cgi?acc=GSE1710","https://pubmed.ncbi.nlm.nih.gov/16107186/","Early IBD microarray comparing CD and UC sigmoid colon biopsies.","16107186","TRUE","publication_checked","TRUE","TRUE","TRUE","TRUE","2026-05-10","Codex public-source verification","Verified GEO record and publication. GEO indicates 31 individuals/samples and no supplementary raw files; processed data are public.","https://www.ncbi.nlm.nih.gov/geo/query/acc.cgi?acc=GSE1710; https://pubmed.ncbi.nlm.nih.gov/16107186/","TRUE","TRUE","FALSE","FALSE","FALSE","FALSE","FALSE","FALSE"
"DS011","GSE59071","GSE59071; AIM2 and IFI16 inflammasomes in active IBD mucosa","GSE59071","GEO","Public archive","Strong Upregulation of AIM2 and IFI16 Inflammasomes in the Mucosa of Patients with Active Inflammatory Bowel Disease","2015","10.1097/MIB.0000000000000535","UC; CD; controls","Unclear","Intestinal mucosal biopsies","Colon","Bulk transcriptomics","Affymetrix Human Gene 1.0 ST Array","Cross-sectional","116","116","Yes","Yes","No","Unclear","Unclear","Unclear","No","Mucosal IBD-control comparison; intestinal transcriptomics","Metadata completeness uncertain; needs verification","Public raw data; Public processed data","Publication checked","https://www.ncbi.nlm.nih.gov/geo/query/acc.cgi?acc=GSE59071","https://pubmed.ncbi.nlm.nih.gov/26313692/","GEO accession for IBD intestinal mucosal microarray.","26313692","TRUE","publication_checked","TRUE","TRUE","TRUE","TRUE","2026-05-10","Codex public-source verification","Verified GEO and PubMed. GEO design reports 97 UC, 8 CD, and 11 controls with raw and processed public data.","https://www.ncbi.nlm.nih.gov/geo/query/acc.cgi?acc=GSE59071; https://pubmed.ncbi.nlm.nih.gov/26313692/","TRUE","TRUE","FALSE","FALSE","FALSE","FALSE","FALSE","FALSE"
"DS012","GSE11499","GSE11499; peripheral blood IBD transcriptomics","GSE11499","GEO","Public archive","Unclear","Unclear","Unclear","CD; UC","Unclear","Peripheral blood","Blood","Bulk transcriptomics","Affymetrix Human Genome U133 Plus 2.0 Array","Cross-sectional","Unclear","11","Yes","Yes","No","Unclear","Unclear","Unclear","No","Blood-based IBD transcriptomics; systemic expression signatures; CD vs UC blood comparison","Blood-based; older microarray dataset; confounding by cell composition","Public raw data; Public processed data","Source checked","https://www.ncbi.nlm.nih.gov/geo/query/acc.cgi?acc=GSE11499","Unclear","Peripheral blood microarray comparing CD, UC, and controls.","Unclear","FALSE","source_checked","TRUE","FALSE","TRUE","TRUE","2026-05-10","Codex public-source verification","Verified GEO source record and public data availability. GEO citation is missing and no direct linked PubMed record was confirmed.","https://www.ncbi.nlm.nih.gov/geo/query/acc.cgi?acc=GSE11499","FALSE","TRUE","FALSE","FALSE","FALSE","FALSE","FALSE","FALSE"
"DS013","GSE94648","GSE94648; blood biomarkers of mucosal healing and endoscopic response","GSE94648","GEO","Public archive","Usefulness of Transcriptional Blood Biomarkers as a Non-invasive Surrogate Marker of Mucosal Healing and Endoscopic Response in Ulcerative Colitis","2017","10.1093/ecco-jcc/jjx091","UC; CD; non-IBD controls","Unclear","Peripheral whole blood","Blood","Bulk transcriptomics","Affymetrix Human Genome U133 Plus 2.0 Array; Brainarray CDF","Cross-sectional","Unclear","97","Yes","Yes","No","Unclear","Unclear","Unclear","No","Systemic activity signatures; blood-based disease activity; CD vs UC blood comparison","Blood-based; cell composition confounding; disease activity classification should be verified","Public raw data; Public processed data","Publication checked","https://www.ncbi.nlm.nih.gov/geo/query/acc.cgi?acc=GSE94648","https://pubmed.ncbi.nlm.nih.gov/28981629/","Whole blood microarray across active and inactive disease states in UC and CD.","28981629","TRUE","publication_checked","TRUE","TRUE","TRUE","TRUE","2026-05-10","Codex public-source verification","Verified GEO and PubMed. GEO design reports controls, inactive/active UC, and inactive/active CD; subjects left unclear because duplicate batch samples are present.","https://www.ncbi.nlm.nih.gov/geo/query/acc.cgi?acc=GSE94648; https://pubmed.ncbi.nlm.nih.gov/28981629/","TRUE","TRUE","FALSE","TRUE","FALSE","FALSE","FALSE","FALSE"
"DS014","GSE75214","GSE75214; intestinal epithelial barrier dysfunction in IBD","GSE75214","GEO","Public archive","Genetic and Transcriptomic Bases of Intestinal Epithelial Barrier Dysfunction in Inflammatory Bowel Disease","2017","10.1097/MIB.0000000000001246","UC; CD; controls","Unclear","Intestinal mucosal biopsies","Colon; terminal ileum","Bulk transcriptomics","Affymetrix Human Gene 1.0 ST Array","Cross-sectional","Unclear","194","Yes","Yes","No","Unclear","Unclear","Unclear","No","Mucosal IBD meta-analysis; colonic expression signatures","Disease group composition should be verified against GEO metadata","Public raw data; Public processed data","Publication checked; revised metadata","https://www.ncbi.nlm.nih.gov/geo/query/acc.cgi?acc=GSE75214","https://pubmed.ncbi.nlm.nih.gov/28885228/","Colonic mucosal microarray. Disease groups should be confirmed in GEO record.","28885228","TRUE","publication_checked","TRUE","TRUE","TRUE","TRUE","2026-05-10","Codex public-source verification","Verified GEO and PubMed. Revised tissue site from colon-only to colon plus terminal/neo-ileum based on GEO record.","https://www.ncbi.nlm.nih.gov/geo/query/acc.cgi?acc=GSE75214; https://pubmed.ncbi.nlm.nih.gov/28885228/","TRUE","TRUE","FALSE","FALSE","FALSE","FALSE","FALSE","FALSE"
"DS015","GSE48958","GSE48958; UC inflamed colon miRNA and mRNA profiling","GSE48958","GEO","Public archive","Integrated miRNA and mRNA expression profiling in inflamed colon of patients with ulcerative colitis","2014","10.1371/journal.pone.0116117","UC; controls","Unclear","Colonic mucosal biopsies","Colon","Bulk transcriptomics","Affymetrix Human Gene 1.0 ST Array","Cross-sectional","21","21","Yes","Yes","No","Unclear","Unclear","Unclear","No","UC mucosal transcriptomics; disease-vs-control comparison","Platform and disease group composition should be verified","Public raw data; Public processed data","Publication checked","https://www.ncbi.nlm.nih.gov/geo/query/acc.cgi?acc=GSE48958","https://pubmed.ncbi.nlm.nih.gov/25546151/","GEO accession for UC colonic mucosal transcriptomics.","25546151","TRUE","publication_checked","TRUE","TRUE","TRUE","TRUE","2026-05-10","Codex public-source verification","Verified GEO and PubMed. GEO design reports 13 UC patients and 8 normal controls.","https://www.ncbi.nlm.nih.gov/geo/query/acc.cgi?acc=GSE48958; https://pubmed.ncbi.nlm.nih.gov/25546151/","TRUE","FALSE","FALSE","FALSE","FALSE","FALSE","FALSE","FALSE"
"DS016","GSE179285","GSE179285; gut-homing integrins in IBD intestinal lymphocytes","GSE179285","GEO","Public archive","Regulation and Role of alphaE Integrin and Gut Homing Integrins in Migration and Retention of Intestinal Lymphocytes during Inflammatory Bowel Disease","2021","10.4049/jimmunol.2100220","CD; UC; non-IBD controls","Unclear","Intestinal biopsies","Ileum; colon","Bulk transcriptomics","Agilent Whole Human Genome Microarray 4x44K","Cross-sectional","Unclear","254","Yes","Yes","No","Unclear","Unclear","Unclear","No","UC mucosal transcriptomics; disease-vs-control comparison","Platform and disease group composition should be verified","Public raw data; Public processed data","Publication checked; revised metadata","https://www.ncbi.nlm.nih.gov/geo/query/acc.cgi?acc=GSE179285","https://pubmed.ncbi.nlm.nih.gov/34561227/","GEO accession for UC colonic mucosal transcriptomics.","34561227","TRUE","publication_checked","TRUE","TRUE","TRUE","TRUE","2026-05-10","Codex public-source verification","Verified GEO and PubMed. Revised disease scope from UC-only to CD, UC, and non-IBD controls based on source record.","https://www.ncbi.nlm.nih.gov/geo/query/acc.cgi?acc=GSE179285; https://pubmed.ncbi.nlm.nih.gov/34561227/","TRUE","TRUE","FALSE","FALSE","FALSE","FALSE","FALSE","FALSE"
"DS017","GSE214695","GSE214695; IBD single-cell macrophage and neutrophil heterogeneity","GSE214695","GEO","Public archive","Macrophage and neutrophil heterogeneity at single-cell spatial resolution in human inflammatory bowel disease","2023","10.1038/s41467-023-40156-6","UC; CD; healthy controls","Unclear","Colonic cells","Colon mucosa","Single-cell transcriptomics","scRNA-seq; Illumina NextSeq 500","Cross-sectional","18","18","Yes","Yes","No","Unclear","Unclear","Unclear","No","Cell-type/state reference; single-cell disease atlas; deconvolution support; immune cell profiling","Single-cell data requires specialized analysis; cell annotation may vary","Public raw data; Public processed data","Publication checked","https://www.ncbi.nlm.nih.gov/geo/query/acc.cgi?acc=GSE214695","https://pubmed.ncbi.nlm.nih.gov/37495570/","scRNA-seq of colonic cells in UC, CD, and healthy controls.","37495570","TRUE","publication_checked","TRUE","TRUE","TRUE","TRUE","2026-05-10","Codex public-source verification","Verified GEO and PubMed. GEO design reports 6 healthy, 6 UC, and 6 CD samples with raw and annotation files.","https://www.ncbi.nlm.nih.gov/geo/query/acc.cgi?acc=GSE214695; https://pubmed.ncbi.nlm.nih.gov/37495570/","TRUE","TRUE","FALSE","FALSE","FALSE","FALSE","TRUE","FALSE"
"DS018","GSE234713","GSE234713; IBD CosMx spatial transcriptomics","GSE234713","GEO","Public archive","Macrophage and neutrophil heterogeneity at single-cell spatial resolution in human inflammatory bowel disease","2023","10.1038/s41467-023-40156-6","UC; CD; healthy controls","Unclear","FFPE intestinal tissue sections","Colon mucosa","Spatial transcriptomics","NanoString CosMx SMI","Cross-sectional","9","9","Yes","Yes","No","Unclear","Unclear","Unclear","No","Spatial localization of inflammatory cell states; spatial IBD atlas; tissue architecture","Spatial transcriptomics requires specialized analysis; resolution and sensitivity differ from scRNA-seq","Public raw data; Public processed data","Publication checked","https://www.ncbi.nlm.nih.gov/geo/query/acc.cgi?acc=GSE234713","https://pubmed.ncbi.nlm.nih.gov/37495570/","CosMx spatial transcriptomics of human inflamed and uninflamed intestine.","37495570","TRUE","publication_checked","TRUE","TRUE","TRUE","TRUE","2026-05-10","Codex public-source verification","Verified GEO and PubMed. GEO design reports 3 healthy, 3 CD, and 3 UC FFPE samples with normalized matrix and raw data.","https://www.ncbi.nlm.nih.gov/geo/query/acc.cgi?acc=GSE234713; https://pubmed.ncbi.nlm.nih.gov/37495570/","TRUE","TRUE","FALSE","FALSE","FALSE","FALSE","FALSE","FALSE"
"DS019","GSE282122","GSE282122; longitudinal anti-TNF single-cell atlas in IBD","GSE282122","GEO","Public archive","A longitudinal single-cell atlas of anti-tumour necrosis factor treatment in inflammatory bowel disease","2024","10.1038/s41590-024-01994-8","CD; UC","Unclear","Gut biopsies","Intestinal mucosa; gut regions","Single-cell transcriptomics","scRNA-seq; Illumina NovaSeq 6000","Longitudinal treatment cohort","41","216","Unclear","Yes","No","Unclear","Unclear","Yes","Yes","Treatment-response cellular trajectories; anti-TNF response; longitudinal single-cell atlas; remission cellular signatures","Treatment-specific cohort; longitudinal design limits cross-study comparisons","Public processed data","Publication checked","https://www.ncbi.nlm.nih.gov/geo/query/acc.cgi?acc=GSE282122","https://pubmed.ncbi.nlm.nih.gov/39438660/","Longitudinal scRNA-seq treatment atlas focusing on anti-TNF/adalimumab response.","39438660","TRUE","publication_checked","TRUE","TRUE","TRUE","TRUE","2026-05-10","Codex public-source verification","Verified GEO and PubMed. PubMed/GEO report 41 subjects and 216 gut biopsies; processed h5 archives are public, raw FASTQ availability was not directly confirmed.","https://www.ncbi.nlm.nih.gov/geo/query/acc.cgi?acc=GSE282122; https://pubmed.ncbi.nlm.nih.gov/39438660/","FALSE","TRUE","FALSE","TRUE","TRUE","FALSE","TRUE","FALSE"
"DS020","Martin et al. 2019 Cell / GIMATS anti-TNF resistance","Martin et al. 2019 Cell / GIMATS anti-TNF resistance","GSE134809","GEO; SRA","Public archive","Single-Cell Analysis of Crohn's Disease Lesions Identifies a Pathogenic Cellular Module Associated with Resistance to Anti-TNF Therapy","2019","10.1016/j.cell.2019.08.008","Crohn's disease","Unclear","Ileal resection tissue; PBMC","Ileum; blood","Single-cell transcriptomics","scRNA-seq","Cross-sectional","Unclear","Unclear","Yes","Yes","No","Unclear","Unclear","Yes","No","Anti-TNF resistance biology; cell-state modules; inflammatory fibroblast signatures; ileal Crohn's disease cell atlas","Accession needs verification; ileal CD only; limited disease comparators","Public raw data; Public processed data","Partially verified","https://www.ncbi.nlm.nih.gov/geo/query/acc.cgi?acc=GSE134809","https://doi.org/10.1016/j.cell.2019.08.008","GIMATS resource from Martin et al. Cell 2019 describing fibroblast/stromal cell states in anti-TNF-resistant CD. Accession number needs manual verification.","31474370","TRUE","publication_checked","TRUE","TRUE","TRUE","TRUE","2026-05-10","Codex public-source verification","Verified GEO accession, publication, DOI, PMID, sample context, and public raw/processed availability. GIMATS anti-TNF resistance framing is supported by publication title and record context.","https://www.ncbi.nlm.nih.gov/geo/query/acc.cgi?acc=GSE134809; https://pubmed.ncbi.nlm.nih.gov/31474370/; https://doi.org/10.1016/j.cell.2019.08.008","FALSE","FALSE","FALSE","TRUE","FALSE","FALSE","TRUE","FALSE"
"DS021","HCA Crohn ileal mucosa single-cell project","HCA; treatment-naive and treated Crohn ileal mucosa","GSE202052; HCA project 9dd91b6e-7c62-49d3-a3d4-74f603deffdb","Human Cell Atlas; GEO","Public portal; Public archive","Assessing Cellular and Transcriptional Diversity of Ileal Mucosa Among Treatment-Naive and Treated Crohn's Disease","2023","10.1093/ibd/izac201","Crohn disease; non-IBD controls","Pediatric/young patients","Terminal ileal mucosal biopsies","Ileum; ileal mucosa","Single-cell transcriptomics","10x Genomics single-cell 5 prime; Illumina NovaSeq 6000","Cross-sectional single-cell atlas","27","27","Yes","Yes","No","Partial","Unclear","Unclear","No","Cell atlas reference; deconvolution reference; cell-state interpretation; marker validation; bulk deconvolution","Heterogeneous studies; annotation standards may vary; access routes may differ across datasets","Public raw data; Public processed data","Publication checked; revised to specific HCA project","https://explore.data.humancellatlas.org/projects/9dd91b6e-7c62-49d3-a3d4-74f603deffdb","https://doi.org/10.1093/ibd/izac201","Specific HCA Crohn ileal mucosa project with GEO GSE202052. HCA reports 27 donors and about 139.9k cells; GEO lists 27 samples with raw SRA and processed supplementary files.","36206201","TRUE","publication_checked","TRUE","TRUE","TRUE","TRUE","2026-05-10","Codex public-source verification","Verified HCA project, GEO accession, DOI, sample count, access status, and publication. Replaced broad HCA portal description with a specific project-backed row.","https://explore.data.humancellatlas.org/projects/9dd91b6e-7c62-49d3-a3d4-74f603deffdb; https://doi.org/10.1093/ibd/izac201","TRUE","FALSE","TRUE","TRUE","FALSE","FALSE","TRUE","FALSE"
"DS023","PXD033158 / MSV000089237 (IBD fecal DIA proteomics)","PXD033158 / MSV000089237 (IBD fecal DIA proteomics)","PXD033158; MSV000089237","MassIVE; ProteomeXchange","Public proteomics archive","Genentech IBD Fecal Proteomics","2023","10.25345/C5T14TS9D","UC; CD; healthy controls","Unclear","Stool","Stool/Feces","Proteomics","DIA-MS","Cross-sectional","Cohort 1: HC/UC/CD n=5 each; Cohort 2: HC n=20, UC n=10, CD n=10","Unclear","Yes","Yes","No","Unclear","No","Unclear","No","Non-invasive fecal protein biomarkers; IBD diagnosis; fecal proteomic atlas","Fecal proteomics susceptible to dietary and microbiome variability; DIA-specific analysis pipelines required","Partial public raw data; public archive record","Partially verified","https://www.ebi.ac.uk/pride/archive/projects/PXD033158","https://doi.org/10.1002/prca.202300075","Fecal DIA-MS proteomics in IBD and healthy controls. Deposited in PRIDE and MassIVE.","38552248","FALSE","source_checked","TRUE","FALSE","TRUE","TRUE","2026-05-10","Codex public-source verification","Verified ProteomeXchange/MassIVE source record and dataset DOI. Related 2024 publication identified, but archive source record says no publication, so citation linkage remains conservative and publication_checked stays FALSE.","https://proteomecentral.proteomexchange.org/cgi/GetDataset?ID=PXD033158; https://massive.ucsd.edu/ProteoSAFe/dataset.jsp?task=b0d934d3f9fd47e8809eae2bc9b0a144; https://pubmed.ncbi.nlm.nih.gov/38552248/; https://doi.org/10.1002/prca.202300075","TRUE","TRUE","FALSE","FALSE","FALSE","TRUE","FALSE","FALSE"
"DS024","PXD010371 (IBD fecal metaproteomics)","PXD010371; fecal metaproteomics for CD and UC diagnosis","PXD010371","PRIDE/ProteomeXchange","Public archive","Metaproteomics of fecal samples of Crohn's disease and Ulcerative Colitis","2019","10.1016/j.jprot.2019.04.009","CD; UC; healthy controls; IBS; colon adenoma; gastric carcinoma","Human; age unclear","Feces","Stool/Feces","Metaproteomics","LC-MS/MS; Orbitrap; Q Exactive","Cross-sectional","71","71","Yes","Yes","No","Unclear","No","Unclear","No","Diagnostic metaproteomics; host-microbiome protein detection; fecal biomarker discovery","Mixed host and microbial proteins; requires dedicated metaproteomics search databases","Public raw data; Public processed data","Partially verified","https://proteomecentral.proteomexchange.org/cgi/GetDataset?ID=PXD010371","https://doi.org/10.1016/j.jprot.2019.04.009","Fecal metaproteomics LC-MS/MS in IBD and healthy controls.","31009805","TRUE","publication_checked","TRUE","TRUE","TRUE","TRUE","2026-05-10","Codex public-source verification","Verified ProteomeXchange and publication. ProteomeXchange reports 17 HC, 11 CD, 14 UC, 13 IBS, 8 colon adenoma, and 8 gastric carcinoma samples.","https://proteomecentral.proteomexchange.org/cgi/GetDataset?ID=PXD010371; https://doi.org/10.1016/j.jprot.2019.04.009; https://pubmed.ncbi.nlm.nih.gov/31009805/","TRUE","TRUE","FALSE","FALSE","FALSE","TRUE","FALSE","FALSE"
"DS025","PXD001608 (UC mucosal proteomics)","PXD001608; UC colon biopsy LC-MS/MS proteomics","PXD001608","PRIDE/ProteomeXchange","Public archive","Neutrophil Extracellular Traps in Ulcerative Colitis: A Proteome Analysis of Intestinal Biopsies","2015","10.1097/MIB.0000000000000460","UC; healthy controls","Human; age unclear","Colon biopsies","Sigmoid colon; colonic mucosa","Proteomics","LC-MS/MS; Q Exactive","Cross-sectional","20","20 biopsies; 60 raw LC-MS/MS runs indicated by triplicates","Yes","Yes","No","Unclear","Unclear","Unclear","No","Mucosal proteomics; UC-specific protein expression; mucosal protein biomarkers","Tissue proteomics requires careful sample handling; older dataset","Public raw data; Public processed data","Partially verified","https://proteomecentral.proteomexchange.org/cgi/GetDataset?ID=PXD001608","https://doi.org/10.1097/MIB.0000000000000460","LC-MS/MS proteomics of human colon biopsies in UC and controls.","25993694","TRUE","publication_checked","TRUE","TRUE","TRUE","TRUE","2026-05-10","Codex public-source verification","Verified ProteomeXchange/OmicsDI and primary IBD publication. Source also lists related reuse; primary IBD citation is PMID 25993694.","https://proteomecentral.proteomexchange.org/cgi/GetDataset?ID=PXD001608; https://www.omicsdi.org/dataset/pride/PXD001608; https://doi.org/10.1097/MIB.0000000000000460; https://pubmed.ncbi.nlm.nih.gov/25993694/","TRUE","FALSE","FALSE","FALSE","FALSE","FALSE","FALSE","FALSE"
"DS026","MSV000086509 (IBD fecal proteomics + metabolomics)","MSV000086509; IBD200 multi-omics of IBD severity","MSV000086509","MassIVE","Public archive","Location-specific signatures of Crohn's disease at a multi-omics scale","2022","10.1186/s40168-022-01331-x","CD; UC; healthy controls","Human; IBD200 cohort; age unclear","Feces","Stool/Feces","Metaproteomics; Metabolomics","TMT MS3 proteomics; LC-MS/MS metabolomics; Orbitrap Fusion; Bruker Maxis qTOF","Cross-sectional","182","210 fecal samples initially; 182 core analysis subjects","Yes","Yes","No","Unclear","No","Unclear","No","Integrated stool proteome-metabolome analysis; multi-omics stool biomarkers; joint IBD biomarker discovery","Requires multi-omics integration methodology; fecal variability","Partial public raw data; Public processed data","Partially verified","https://massive.ucsd.edu/ProteoSAFe/QueryMSV?id=MSV000086509","https://doi.org/10.1186/s40168-022-01331-x","Combined fecal proteomics and metabolomics dataset in IBD and controls.","35999575","TRUE","publication_checked","TRUE","TRUE","TRUE","TRUE","2026-05-10","Codex public-source verification","Verified MassIVE record and 2022 Microbiome publication that cites MSV000086509. MassIVE marks source as Partial Public.","https://massive.ucsd.edu/ProteoSAFe/proxi/v0.1/datasets/MSV000086509; https://doi.org/10.1186/s40168-022-01331-x; https://pubmed.ncbi.nlm.nih.gov/35999575/","TRUE","TRUE","FALSE","FALSE","FALSE","TRUE","FALSE","FALSE"
"DS027","ST002470 (UC metabolomics, Metabolomics Workbench)","ST002470; PROTECT pediatric UC plasma metabolomics","ST002470","Metabolomics Workbench","Public portal","Linking microbial genes to plasma and stool metabolites uncovers host-microbial interactions underlying ulcerative colitis disease course","2024","10.1016/j.chom.2023.12.013","UC","Human; PROTECT pediatric UC cohort","Blood plasma","Blood/Plasma","Metabolomics","LC-MS; Thermo Q Exactive/Q Exactive Plus Orbitrap","Cross-sectional","Unclear","89","Yes","Yes","No","Unclear","Unclear","Unclear","No","UC metabolomics; disease severity; treatment response; metabolic signatures","Sample type and metadata completeness need verification","Public raw data; Public processed data; Public portal","Partially verified","https://www.metabolomicsworkbench.org/data/DRCCMetadata.php?StudyID=ST002470","https://doi.org/10.1016/j.chom.2023.12.013","UC metabolomics LC-MS study. Metadata and sample type should be verified against Metabolomics Workbench record.","38215740","TRUE","publication_checked","TRUE","TRUE","TRUE","TRUE","2026-05-10","Codex public-source verification","Verified Metabolomics Workbench record, publication, DOI, PMID, plasma source, and 89 samples. Subject count not directly supported.","https://www.metabolomicsworkbench.org/data/DRCCMetadata.php?StudyID=ST002470; https://www.metabolomicsworkbench.org/data/DRCCMetadata.php?DataMode=AnalysisData&Mode=Study&ResultType=5&StudyID=ST002470&StudyType=LC-MS; https://doi.org/10.1016/j.chom.2023.12.013; https://pubmed.ncbi.nlm.nih.gov/38215740/","FALSE","FALSE","TRUE","TRUE","FALSE","FALSE","FALSE","FALSE"
"DS028","GSE87648 (IBD blood methylation EWAS)","GSE87648; IBD blood methylation EWAS","GSE87648","GEO","Public archive","Integrative epigenome-wide analysis demonstrates that DNA methylation may mediate genetic risk in inflammatory bowel disease","2016","10.1038/ncomms13507","IBD; controls","Human","Whole blood","Blood","Methylation / Epigenomics","Illumina HumanMethylation450 BeadChip","Cross-sectional","Unclear","384 raw; 382 processed","Yes","Yes","No","Unclear","Unclear","Unclear","No","Systemic methylation signatures; epigenetic biomarkers; IBD blood EWAS","Cell composition confounding in blood methylation; platform-specific issues","Public raw data; Public processed data","Publication checked; sample-size caveat","https://www.ncbi.nlm.nih.gov/geo/query/acc.cgi?acc=GSE87648","https://pubmed.ncbi.nlm.nih.gov/27886173/","EWAS of newly diagnosed IBD cases and controls using blood methylation.","27886173","TRUE","publication_checked","TRUE","TRUE","TRUE","TRUE","2026-05-10","Codex public-source verification","Verified GEO and PubMed. GEO summary reports 240 newly diagnosed IBD cases and 190 controls, but the series lists 384 raw samples and 382 processed samples.","https://www.ncbi.nlm.nih.gov/geo/query/acc.cgi?acc=GSE87648; https://pubmed.ncbi.nlm.nih.gov/27886173/","TRUE","FALSE","FALSE","FALSE","FALSE","FALSE","FALSE","FALSE"
"DS029","GSE32148 (IBD peripheral blood methylation 450K)","GSE32148; IBD peripheral blood leukocyte methylation","GSE32148","GEO","Public archive","Genome-wide peripheral blood leukocyte DNA methylation microarrays identified a single association with inflammatory bowel diseases","2012","10.1002/ibd.22956","Crohn's disease; ulcerative colitis; controls","Human","Peripheral blood","Blood","Methylation / Epigenomics","Illumina HumanMethylation450 BeadChip","Cross-sectional","48","48","Yes","Yes","No","Unclear","Unclear","Unclear","No","Blood methylation comparison; CD vs UC epigenomics; peripheral epigenetic signatures","Cell composition confounding; 450K array coverage","Public raw data; Public processed data","Publication checked","https://www.ncbi.nlm.nih.gov/geo/query/acc.cgi?acc=GSE32148","https://pubmed.ncbi.nlm.nih.gov/22467598/","Illumina 450K methylation array in peripheral blood from CD, UC, and controls.","22467598","TRUE","publication_checked","TRUE","TRUE","TRUE","TRUE","2026-05-10","Codex public-source verification","Verified GEO and PubMed. GEO reports 17 CD, 11 UC, and 20 normal individuals, including discordant twin sets.","https://www.ncbi.nlm.nih.gov/geo/query/acc.cgi?acc=GSE32148; https://pubmed.ncbi.nlm.nih.gov/22467598/","TRUE","TRUE","FALSE","FALSE","FALSE","FALSE","FALSE","FALSE"
"DS030","GSE32146 (IBD colon methylation 450K)","GSE32146; pediatric UC colon methylation discovery cohort","GSE32146","GEO","Public archive","DNA methylation-associated colonic mucosal immune and defense responses in treatment-naive pediatric ulcerative colitis","2014","10.4161/epi.29446","Crohn's disease; ulcerative colitis; controls","Human; pediatric publication context","Colon mucosa","Colon","Methylation / Epigenomics","Illumina HumanMethylation450 BeadChip","Cross-sectional","24","25","Yes","Yes","No","Unclear","Unclear","Unclear","No","Mucosal methylation; CD vs UC colon epigenomics; tissue-level epigenetic differences","450K array coverage; tissue site and disease activity should be verified","Public raw data; Public processed data","Publication checked; publication-scope caveat","https://www.ncbi.nlm.nih.gov/geo/query/acc.cgi?acc=GSE32146","https://pubmed.ncbi.nlm.nih.gov/24937444/","Illumina 450K methylation array in colon mucosa from CD, UC, and controls.","24937444","TRUE","publication_checked","TRUE","TRUE","TRUE","TRUE","2026-05-10","Codex public-source verification","Verified GEO and PubMed. GEO states 10 CD, 4 UC, and 10 normal individuals, with one UC sample assayed before and after treatment.","https://www.ncbi.nlm.nih.gov/geo/query/acc.cgi?acc=GSE32146; https://pubmed.ncbi.nlm.nih.gov/24937444/","TRUE","TRUE","TRUE","FALSE","FALSE","FALSE","FALSE","FALSE"
"DS031","GSE42921 (IBD colon methylation validation 450K)","GSE42921; pediatric UC colon methylation validation cohort","GSE42921","GEO","Public archive","DNA methylation-associated colonic mucosal immune and defense responses in treatment-naive pediatric ulcerative colitis","2014","10.4161/epi.29446","Crohn's disease; ulcerative colitis; controls","Human; pediatric publication context","Colon mucosa","Colon","Methylation / Epigenomics","Illumina HumanMethylation450 BeadChip","Cross-sectional","22","23","Yes","Yes","No","Unclear","Unclear","Unclear","No","Mucosal methylation validation; colon epigenomics replication","450K array; validation cohort design may differ from discovery","Public raw data; Public processed data","Publication checked; publication-scope caveat","https://www.ncbi.nlm.nih.gov/geo/query/acc.cgi?acc=GSE42921","https://pubmed.ncbi.nlm.nih.gov/24937444/","Illumina 450K methylation array in colon mucosa — often used as a validation cohort alongside GSE32146.","24937444","TRUE","publication_checked","TRUE","TRUE","TRUE","TRUE","2026-05-10","Codex public-source verification","Verified GEO and PubMed. Validation cohort with 5 CD, 5 UC, and 12 normal individuals; one UC sample assayed before and after treatment.","https://www.ncbi.nlm.nih.gov/geo/query/acc.cgi?acc=GSE42921; https://pubmed.ncbi.nlm.nih.gov/24937444/","TRUE","TRUE","TRUE","FALSE","FALSE","FALSE","FALSE","FALSE"
"DS032","GSE210721 (IBD intestinal epithelial epigenetic resource)","GSE210721; DNMT3A intestinal epithelial barrier methylation resource","GSE210721","GEO","Public archive","DNA methyltransferase 3A controls intestinal epithelial barrier function and regeneration in the colon","2022","10.1038/s41467-022-33844-2","IBD-relevant mechanism; experimental colitis","Human cell line and mouse","Caco-2 cells; purified mouse intestinal epithelial cells; mouse intestinal crypts","Colon; intestinal epithelium","Methylation / Epigenomics","Infinium MethylationEPIC; Infinium MouseMethylation285 BeadChip","Unclear","Unclear","48","Yes","Yes","No","Unclear","Unclear","Unclear","No","Epithelial epigenetic mechanisms in IBD; intestinal epithelial cell epigenomics; organoid epigenomics","Platform and exact sample type need verification; limited to epithelial compartment","Public raw data; Public processed data","Publication checked; revised scope","https://www.ncbi.nlm.nih.gov/geo/query/acc.cgi?acc=GSE210721","https://pubmed.ncbi.nlm.nih.gov/36271073/","Epigenetic and/or transcriptomic resource from intestinal epithelial/organoid context in IBD. Details need verification.","36271073","TRUE","publication_checked","TRUE","TRUE","TRUE","TRUE","2026-05-10","Codex public-source verification","Verified GEO and PubMed. Revised scope: this is an IBD-relevant epithelial/mechanistic resource using Caco-2 and mouse IEC/crypt methylation data, not a direct human IBD patient cohort.","https://www.ncbi.nlm.nih.gov/geo/query/acc.cgi?acc=GSE210721; https://pubmed.ncbi.nlm.nih.gov/36271073/","FALSE","FALSE","FALSE","FALSE","FALSE","FALSE","FALSE","FALSE"
"DS035","dbGaP phs002336.v1.p1 (IIBDGC controlled-access GWAS)","dbGaP phs002336.v1.p1 (IIBDGC controlled-access GWAS)","phs002336.v1.p1","dbGaP","Controlled-access archive","NIDDK International IBD Genetics Consortium Repository Global Screening Array","Unclear","Unclear","IBD; CD; UC","Mixed","DNA (source specimen unclear in public record)","Unclear","Genetics / GWAS","Genotype array; Global Screening Array / GSA-related chips","Multi-cohort GWAS","10,503 consented subjects","Unclear","No","Yes","Yes","Partial","No","Unclear","No","Controlled-access IIBDGC analyses; fine-mapping; trans-ancestral GWAS; individual-level analysis","Requires dbGaP application and approval; individual-level data only accessible after approval","Controlled access","Partially verified","https://www.ncbi.nlm.nih.gov/projects/gap/cgi-bin/study.cgi?study_id=phs002336.v1.p1","Unclear","IIBDGC individual-level genotype data in dbGaP. Requires application and institutional approval.","Unclear","FALSE","metadata_checked","TRUE","FALSE","TRUE","TRUE","2026-05-10","Codex public-source verification","Verified dbGaP controlled-access record, exact study title, sample count, and controlled access restrictions. No DS035-specific publication DOI/PMID found; public record does not directly verify blood/saliva specimen source, so tissue_site is Unclear.","https://www.ncbi.nlm.nih.gov/projects/gap/cgi-bin/study.cgi?study_id=phs002336.v1.p1; https://dbgap.ncbi.nlm.nih.gov/aa/wga.cgi?stacc=phs002336.v1.p1&view_pdf=; https://ega-archive.org/studies/phs002336; https://www.ncbi.nlm.nih.gov/bioproject?from_uid=2222510&linkname=gap_bioproject","FALSE","TRUE","FALSE","FALSE","FALSE","FALSE","FALSE","TRUE"
"DS038","GSE109142 PROTECT pediatric UC rectal RNA-seq","PROTECT; treatment-naive pediatric UC rectal transcriptome","GSE109142","GEO/SRA","Public archive","Ulcerative colitis mucosal transcriptomes reveal mitochondriopathy and personalized mechanisms underlying disease severity and treatment response","2019","10.1038/s41467-018-07841-3","Pediatric UC; non-IBD controls","Pediatric; PROTECT cohort","Rectal biopsies","Rectum","Bulk transcriptomics","RNA-seq","Treatment-naive inception cohort","226 samples in GEO; publication reports 206 UC discovery, 50 UC validation, and 20 controls across deposited PROTECT/RISK context","226","Yes","Yes","No","Partial","Unclear","Yes","No","Pediatric UC severity; treatment response; disease-vs-control; PROTECT cohort analyses","PROTECT-specific pediatric UC cohort; verify exact sample grouping before analysis","Public raw data; Public processed data","Systematic discovery; source checked","https://www.ncbi.nlm.nih.gov/geo/query/acc.cgi?acc=GSE109142","https://www.nature.com/articles/s41467-018-07841-3","Added during systematic public-source discovery; requires deeper row-level verification before analysis use.","30604764","FALSE","source_checked","TRUE","FALSE","TRUE","FALSE","2026-05-10","Codex systematic public-source discovery","Added during systematic discovery expansion. Source accession and high-level metadata checked from public records or indexed publication/data statements; detailed row-level verification still pending.","https://www.ncbi.nlm.nih.gov/geo/query/acc.cgi?acc=GSE109142; https://www.nature.com/articles/s41467-018-07841-3","TRUE","FALSE","TRUE","TRUE","FALSE","FALSE","FALSE","FALSE"
"DS039","GSE150961 PROTECT pediatric UC baseline and follow-up RNA-seq","PROTECT; treatment-naive and follow-up pediatric UC rectal expression","GSE150961","GEO/SRA","Public archive","Treatment Naive and Follow-Up Pediatric Ulcerative Colitis Rectal Gene Expression","2021","Unclear","Pediatric UC","Pediatric; PROTECT cohort","Rectal biopsies","Rectum","Bulk transcriptomics","RNA-seq; NextSeq 550","Baseline and one-year follow-up cohort","Unclear","418","Yes","Yes","No","Partial","Unclear","Yes","Yes","Pediatric UC progression; colectomy outcome; follow-up expression; treatment response","GEO citation missing; subject-level grouping should be verified before analysis","Public raw data; Public processed data","Systematic discovery; source checked","https://www.ncbi.nlm.nih.gov/geo/query/acc.cgi?acc=GSE150961","Unclear","Added during systematic public-source discovery; requires deeper row-level verification before analysis use.","Unclear","FALSE","source_checked","TRUE","FALSE","TRUE","FALSE","2026-05-10","Codex systematic public-source discovery","Added during systematic discovery expansion. Source accession and high-level metadata checked from public records or indexed publication/data statements; detailed row-level verification still pending.","https://www.ncbi.nlm.nih.gov/geo/query/acc.cgi?acc=GSE150961","FALSE","FALSE","TRUE","TRUE","TRUE","FALSE","FALSE","FALSE"
"DS040","GSE117993 RISK pediatric IBD rectal RNA-seq","RISK; pediatric IBD rectal biopsy transcriptome","GSE117993","GEO/SRA","Public archive","Transcription profiles of rectal biopsies obtained during diagnostic colonoscopy for pediatric inflammatory bowel diseases","2018","Unclear","Pediatric CD; pediatric UC; non-IBD controls","Pediatric; RISK cohort","Rectal biopsies","Rectum","Bulk transcriptomics","RNA-seq","Diagnostic colonoscopy cohort","190","190","Yes","Yes","No","Partial","Unclear","Unclear","No","Pediatric IBD disease-vs-control; CD vs UC; RISK cohort rectal transcriptomics","Publication linkage requires verification; exact disease counts need source-level extraction","Public raw data; Public processed data","Systematic discovery; source checked","https://www.ncbi.nlm.nih.gov/geo/query/acc.cgi?acc=GSE117993","Unclear","Added during systematic public-source discovery; requires deeper row-level verification before analysis use.","Unclear","FALSE","source_checked","TRUE","FALSE","TRUE","FALSE","2026-05-10","Codex systematic public-source discovery","Added during systematic discovery expansion. Source accession and high-level metadata checked from public records or indexed publication/data statements; detailed row-level verification still pending.","https://www.ncbi.nlm.nih.gov/geo/query/acc.cgi?acc=GSE117993","TRUE","TRUE","TRUE","FALSE","FALSE","FALSE","FALSE","FALSE"
"DS041","GSE93624 RISK pediatric Crohn ileal RNA-seq","RISK; pediatric Crohn ileal transcriptome and complication risk","GSE93624","GEO/SRA","Public archive","Profiling of Ileal Transcriptome in Pediatric Crohn Disease","2017","Unclear","Pediatric CD; non-IBD controls","Pediatric; RISK cohort","Ileal biopsies","Ileum","Bulk transcriptomics","RNA-seq","Treatment-naive pediatric Crohn inception cohort with follow-up outcome","245","245","Yes","Yes","No","Partial","Unclear","Unclear","Yes","Pediatric Crohn complication risk; ileal transcriptomics; RISK cohort analyses","Publication DOI and detailed phenotype fields require follow-up verification","Public raw data; Public processed data","Systematic discovery; source checked","https://www.ncbi.nlm.nih.gov/geo/query/acc.cgi?acc=GSE93624","https://pubmed.ncbi.nlm.nih.gov/28805827/","Added during systematic public-source discovery; requires deeper row-level verification before analysis use.","28805827","FALSE","source_checked","TRUE","FALSE","TRUE","FALSE","2026-05-10","Codex systematic public-source discovery","Added during systematic discovery expansion. Source accession and high-level metadata checked from public records or indexed publication/data statements; detailed row-level verification still pending.","https://www.ncbi.nlm.nih.gov/geo/query/acc.cgi?acc=GSE93624","TRUE","FALSE","TRUE","TRUE","TRUE","FALSE","FALSE","FALSE"
"DS042","GSE185061 pediatric UC rectal methylation","PROTECT-like pediatric UC rectal methylation longitudinal resource","GSE185061","GEO","Public archive","Longitudinal rectal tissue DNA methylation in pediatric ulcerative colitis","2023","Unclear","Pediatric UC","Pediatric","Rectal mucosal biopsies","Rectum","Methylation / Epigenomics","DNA methylation array","Longitudinal pediatric UC methylation cohort","Unclear","Unclear","Unclear","Yes","No","Partial","Unclear","Unclear","Yes","Pediatric UC epigenomics; longitudinal methylation; disease course","Needs source-level sample count and cohort relationship verification","Public processed data","Systematic discovery; source checked","https://www.ncbi.nlm.nih.gov/geo/query/acc.cgi?acc=GSE185061","https://pubmed.ncbi.nlm.nih.gov/36964596/","Added during systematic public-source discovery; requires deeper row-level verification before analysis use.","36964596","FALSE","source_checked","TRUE","FALSE","TRUE","FALSE","2026-05-10","Codex systematic public-source discovery","Added during systematic discovery expansion. Source accession and high-level metadata checked from public records or indexed publication/data statements; detailed row-level verification still pending.","https://www.ncbi.nlm.nih.gov/geo/query/acc.cgi?acc=GSE185061","FALSE","FALSE","TRUE","FALSE","TRUE","FALSE","FALSE","FALSE"
"DS043","GSE221161 treatment-naive Crohn FFPE RNA-seq","Pediatric/young Crohn FFPE biopsy RNA-seq biomarker cohort","GSE221161","GEO; dbGaP planned raw access","Public archive","FFPE RNA-seq biomarkers in treatment-naive Crohn disease","2024","Unclear","Crohn disease","Pediatric/young patients","FFPE ileal and colonic biopsies","Ileum; colon","Bulk transcriptomics","RNA-seq","Treatment-naive Crohn biomarker cohort","Unclear","Unclear","Controlled or planned dbGaP","Yes","Partial","Partial","Unclear","Yes","No","Crohn biomarker discovery; treatment-naive tissue expression","Raw access may require dbGaP; sample counts need verification","Public processed data; controlled/planned raw access","Systematic discovery; source checked","https://www.ncbi.nlm.nih.gov/geo/query/acc.cgi?acc=GSE221161","https://pubmed.ncbi.nlm.nih.gov/38302662/","Added during systematic public-source discovery; requires deeper row-level verification before analysis use.","38302662","FALSE","source_checked","TRUE","FALSE","TRUE","FALSE","2026-05-10","Codex systematic public-source discovery","Added during systematic discovery expansion. Source accession and high-level metadata checked from public records or indexed publication/data statements; detailed row-level verification still pending.","https://www.ncbi.nlm.nih.gov/geo/query/acc.cgi?acc=GSE221161","FALSE","FALSE","TRUE","TRUE","FALSE","FALSE","FALSE","FALSE"
"DS044","GSE125527 single-cell landscape of ulcerative colitis","Ulcerative colitis single-cell immune landscape","GSE125527","GEO/SRA","Public archive","Single-cell analyses define a continuum of cell state and composition changes in the malignant transformation of polyps to colorectal cancer","2020","Unclear","UC; healthy controls","Human","Rectum; ileum; PBMC immune cells","Rectum; ileum; blood","Single-cell transcriptomics","scRNA-seq; scTCR-seq; scBCR-seq","Single-cell UC and healthy control atlas","Unclear","Unclear","Yes","Yes","No","Partial","Unclear","Unclear","No","UC single-cell reference; immune cell states; deconvolution reference","Publication title should be checked; sample-level metadata requires verification","Public raw data; Public processed data","Systematic discovery; source checked","https://www.ncbi.nlm.nih.gov/geo/query/acc.cgi?acc=GSE125527","https://pubmed.ncbi.nlm.nih.gov/32826341/","Added during systematic public-source discovery; requires deeper row-level verification before analysis use.","32826341","FALSE","source_checked","TRUE","FALSE","TRUE","FALSE","2026-05-10","Codex systematic public-source discovery","Added during systematic discovery expansion. Source accession and high-level metadata checked from public records or indexed publication/data statements; detailed row-level verification still pending.","https://www.ncbi.nlm.nih.gov/geo/query/acc.cgi?acc=GSE125527","TRUE","FALSE","FALSE","FALSE","FALSE","FALSE","TRUE","FALSE"
"DS045","GSE150115 colon and blood immune signatures in IBD","Colon and blood single-cell immune signatures in UC/CD","GSE150115","GEO","Public archive","Colon and blood immune signatures of patients with inflammatory bowel disease","2020","Unclear","UC; CD; controls","Human","Colonic lamina propria; blood","Colon; blood","Single-cell transcriptomics","scRNA-seq","Single-cell immune profiling","Unclear","Unclear","Unclear","Yes","No","Partial","Unclear","Unclear","No","IBD immune single-cell reference; UC/CD comparison; deconvolution reference","Exact accession/sample linkage requires deeper verification","Public processed data","Systematic discovery; source checked","https://www.ncbi.nlm.nih.gov/geo/query/acc.cgi?acc=GSE150115","https://pubmed.ncbi.nlm.nih.gov/32428507/","Added during systematic public-source discovery; requires deeper row-level verification before analysis use.","32428507","FALSE","source_checked","TRUE","FALSE","TRUE","FALSE","2026-05-10","Codex systematic public-source discovery","Added during systematic discovery expansion. Source accession and high-level metadata checked from public records or indexed publication/data statements; detailed row-level verification still pending.","https://www.ncbi.nlm.nih.gov/geo/query/acc.cgi?acc=GSE150115","TRUE","TRUE","FALSE","FALSE","FALSE","FALSE","TRUE","FALSE"
"DS046","GSE83687 Mount Sinai IBD surgical specimen RNA-seq","Mount Sinai surgical bowel RNA-seq across IBD sites","GSE83687","GEO","Public archive","Transcriptional profiling of surgical bowel specimens from inflammatory bowel disease","2017","Unclear","IBD; CD; UC; controls","Human","Surgical bowel tissue","Multiple intestinal sites","Bulk transcriptomics","RNA-seq","Cross-sectional surgical specimen cohort","Unclear","Unclear","Unclear","Yes","No","Partial","Unclear","Unclear","No","Tissue-site transcriptomics; CD/UC comparison; surgical specimen inflammation","Detailed sample counts and disease labels need verification","Public processed data","Systematic discovery; source checked","https://www.ncbi.nlm.nih.gov/geo/query/acc.cgi?acc=GSE83687","https://pubmed.ncbi.nlm.nih.gov/28892060/","Added during systematic public-source discovery; requires deeper row-level verification before analysis use.","28892060","FALSE","source_checked","TRUE","FALSE","TRUE","FALSE","2026-05-10","Codex systematic public-source discovery","Added during systematic discovery expansion. Source accession and high-level metadata checked from public records or indexed publication/data statements; detailed row-level verification still pending.","https://www.ncbi.nlm.nih.gov/geo/query/acc.cgi?acc=GSE83687","TRUE","TRUE","FALSE","FALSE","FALSE","FALSE","FALSE","FALSE"
"DS047","GSE112366 UNITI Crohn ileal biopsy expression","UNITI-2 / IM-UNITI Crohn ileal biopsy expression","GSE112366","GEO","Public archive","Intestinal epithelial microvilli are abnormal in Crohn disease","2018","Unclear","Crohn disease","Human","Ileal biopsies","Terminal ileum","Bulk transcriptomics","Microarray","Treatment trial biopsy cohort","Unclear","388","Yes","Yes","No","Partial","Unclear","Yes","Yes","Ustekinumab response; Crohn ileal expression; treatment trial biomarkers","Trial arm and timepoint metadata need verification before analysis","Public raw data; Public processed data","Systematic discovery; source checked","https://www.ncbi.nlm.nih.gov/geo/query/acc.cgi?acc=GSE112366","https://pubmed.ncbi.nlm.nih.gov/29782846/","Added during systematic public-source discovery; requires deeper row-level verification before analysis use.","29782846","FALSE","source_checked","TRUE","FALSE","TRUE","FALSE","2026-05-10","Codex systematic public-source discovery","Added during systematic discovery expansion. Source accession and high-level metadata checked from public records or indexed publication/data statements; detailed row-level verification still pending.","https://www.ncbi.nlm.nih.gov/geo/query/acc.cgi?acc=GSE112366","FALSE","FALSE","FALSE","TRUE","FALSE","FALSE","FALSE","FALSE"
"DS048","GSE92415 PURSUIT golimumab UC mucosal expression","PURSUIT-SC; golimumab UC mucosal expression","GSE92415","GEO","Public archive","PURSUIT-SC golimumab ulcerative colitis mucosal expression","Unclear","Unclear","UC","Human","Colon mucosal biopsies","Colon","Bulk transcriptomics","Microarray","Treatment trial biopsy cohort","Unclear","Unclear","Unclear","Yes","No","Partial","Unclear","Yes","No","Golimumab response; UC treatment biomarkers","Publication/accession linkage and sample counts require verification","Public processed data","Systematic discovery; source checked","https://www.ncbi.nlm.nih.gov/geo/query/acc.cgi?acc=GSE92415","https://pubmed.ncbi.nlm.nih.gov/23735746/","Added during systematic public-source discovery; requires deeper row-level verification before analysis use.","23735746","FALSE","source_checked","TRUE","FALSE","TRUE","FALSE","2026-05-10","Codex systematic public-source discovery","Added during systematic discovery expansion. Source accession and high-level metadata checked from public records or indexed publication/data statements; detailed row-level verification still pending.","https://www.ncbi.nlm.nih.gov/geo/query/acc.cgi?acc=GSE92415","FALSE","FALSE","FALSE","TRUE","FALSE","FALSE","FALSE","FALSE"
"DS049","GSE206285 UNIFI ustekinumab UC biopsy expression","UNIFI; ustekinumab UC baseline sigmoid biopsy expression","GSE206285","GEO","Public archive","UNIFI ustekinumab ulcerative colitis baseline biopsy expression","2022","Unclear","UC","Human","Sigmoid colon biopsies","Sigmoid colon","Bulk transcriptomics","Microarray","Treatment trial biopsy cohort","Unclear","Unclear","Unclear","Yes","No","Partial","Unclear","Yes","No","Ustekinumab response; UC treatment biomarkers","Publication/accession linkage and sample counts require verification","Public processed data","Systematic discovery; source checked","https://www.ncbi.nlm.nih.gov/geo/query/acc.cgi?acc=GSE206285","https://pubmed.ncbi.nlm.nih.gov/36192482/","Added during systematic public-source discovery; requires deeper row-level verification before analysis use.","36192482","FALSE","source_checked","TRUE","FALSE","TRUE","FALSE","2026-05-10","Codex systematic public-source discovery","Added during systematic discovery expansion. Source accession and high-level metadata checked from public records or indexed publication/data statements; detailed row-level verification still pending.","https://www.ncbi.nlm.nih.gov/geo/query/acc.cgi?acc=GSE206285","FALSE","FALSE","FALSE","TRUE","FALSE","FALSE","FALSE","FALSE"
"DS050","PXD001821 Crohn serum proteomics","Crohn complications serum epithelial-component proteomics","PXD001821; PASS00661","PRIDE; PeptideAtlas","Public archive","Serological epithelial component proteins in Crohn disease complications","2017","Unclear","Crohn disease","Human","Blood serum","Blood/Serum","Proteomics","Mass spectrometry proteomics","Case-control serum proteomics","Unclear","Unclear","Yes","Yes","No","Partial","Unclear","Unclear","No","Serum biomarkers; Crohn complications; proteomics","Detailed sample counts need source extraction","Public raw data; Public processed data","Systematic discovery; source checked","https://www.omicsdi.org/dataset/pride/PXD001821","https://pubmed.ncbi.nlm.nih.gov/28490445/","Added during systematic public-source discovery; requires deeper row-level verification before analysis use.","28490445","FALSE","source_checked","TRUE","FALSE","TRUE","FALSE","2026-05-10","Codex systematic public-source discovery","Added during systematic discovery expansion. Source accession and high-level metadata checked from public records or indexed publication/data statements; detailed row-level verification still pending.","https://www.omicsdi.org/dataset/pride/PXD001821","TRUE","FALSE","FALSE","FALSE","FALSE","FALSE","FALSE","FALSE"
"DS051","PXD012284 Crohn ileal and colonic ulcer proteomics","Ileal versus colonic ulcers in Crohn disease proteomics","PXD012284","PRIDE","Public archive","Proteomic comparison of ileal and colonic ulcers in Crohn disease","2019","Unclear","Crohn disease","Human","Ileum and colon biopsies","Ileum; colon","Proteomics","LC-MS/MS","Tissue proteomics comparison","Unclear","Unclear","Yes","Yes","No","Partial","Unclear","Unclear","No","Crohn location-specific proteomics; tissue biomarkers","Detailed sample counts need source extraction","Public raw data; Public processed data","Systematic discovery; source checked","https://www.omicsdi.org/dataset/pride/PXD012284","https://pubmed.ncbi.nlm.nih.gov/31282946/","Added during systematic public-source discovery; requires deeper row-level verification before analysis use.","31282946","FALSE","source_checked","TRUE","FALSE","TRUE","FALSE","2026-05-10","Codex systematic public-source discovery","Added during systematic discovery expansion. Source accession and high-level metadata checked from public records or indexed publication/data statements; detailed row-level verification still pending.","https://www.omicsdi.org/dataset/pride/PXD012284","FALSE","FALSE","FALSE","FALSE","FALSE","FALSE","FALSE","FALSE"
"DS052","PXD014479 ulcerative colitis protease N-terminomics","UC colon proteases and substrates N-terminomics","PXD014479","PRIDE","Public archive","Proteases and substrates in ulcerative colitis","2019","Unclear","UC","Human","Colon biopsies","Colon","Proteomics; N-terminomics","LC-MS/MS; N-terminomics","Tissue proteomics","Unclear","Unclear","Yes","Yes","No","Partial","Unclear","Unclear","No","UC protease biology; mucosal proteomics","Detailed sample counts need source extraction","Public raw data; Public processed data","Systematic discovery; source checked","https://www.omicsdi.org/dataset/pride/PXD014479","https://pubmed.ncbi.nlm.nih.gov/31393699/","Added during systematic public-source discovery; requires deeper row-level verification before analysis use.","31393699","FALSE","source_checked","TRUE","FALSE","TRUE","FALSE","2026-05-10","Codex systematic public-source discovery","Added during systematic discovery expansion. Source accession and high-level metadata checked from public records or indexed publication/data statements; detailed row-level verification still pending.","https://www.omicsdi.org/dataset/pride/PXD014479","FALSE","FALSE","FALSE","FALSE","FALSE","FALSE","FALSE","FALSE"
"DS053","PXD030775 deep phenotyping of UC remission states","Deep phenotyping of ulcerative colitis remission states","PXD030775","PRIDE","Public archive","Deep phenotyping of ulcerative colitis remission states","2023","Unclear","UC","Human","Colon tissue; blood plasma","Colon; blood/plasma","Multi-omics; Proteomics","Mass spectrometry proteomics and companion assays","Deep phenotyping cohort","Unclear","Unclear","Yes","Yes","No","Partial","Unclear","Unclear","No","UC remission biology; multi-omics; mucosal and plasma biomarkers","Modality-specific access and sample counts require verification","Public raw data; Public processed data","Systematic discovery; source checked","https://www.omicsdi.org/dataset/pride/PXD030775","https://pubmed.ncbi.nlm.nih.gov/36961872/","Added during systematic public-source discovery; requires deeper row-level verification before analysis use.","36961872","FALSE","source_checked","TRUE","FALSE","TRUE","FALSE","2026-05-10","Codex systematic public-source discovery","Added during systematic discovery expansion. Source accession and high-level metadata checked from public records or indexed publication/data statements; detailed row-level verification still pending.","https://www.omicsdi.org/dataset/pride/PXD030775","FALSE","FALSE","FALSE","TRUE","FALSE","FALSE","FALSE","FALSE"
"DS054","PXD050335 Crohn colon wall proteomics","Crohn colon mucosa, submucosa, and wall proteomics","PXD050335","PRIDE","Public archive","Colon mucosa versus submucosa/wall in Crohn disease","2024","Unclear","Crohn disease","Human","Colon resections","Colon mucosa; submucosa; bowel wall","Proteomics; Multi-omics","Mass spectrometry proteomics","Resection tissue proteomics","Unclear","Unclear","Yes","Yes","No","Partial","Unclear","Unclear","No","Crohn transmural biology; tissue-layer proteomics","Detailed sample counts need source extraction","Public raw data; Public processed data","Systematic discovery; source checked","https://www.omicsdi.org/dataset/pride/PXD050335","https://pubmed.ncbi.nlm.nih.gov/38791146/","Added during systematic public-source discovery; requires deeper row-level verification before analysis use.","38791146","FALSE","source_checked","TRUE","FALSE","TRUE","FALSE","2026-05-10","Codex systematic public-source discovery","Added during systematic discovery expansion. Source accession and high-level metadata checked from public records or indexed publication/data statements; detailed row-level verification still pending.","https://www.omicsdi.org/dataset/pride/PXD050335","FALSE","FALSE","FALSE","FALSE","FALSE","FALSE","FALSE","FALSE"
"DS055","ST000899 serum metabolomics in CD and UC","Serum metabolomics distinguishing CD, UC, and controls","ST000899","Metabolomics Workbench","Public archive","Serum metabolomics distinguishing Crohn disease, ulcerative colitis, and controls","2018","10.1007/s11306-017-1311-y","CD; UC; controls","Human","Serum","Blood/Serum","Metabolomics","Mass spectrometry metabolomics","Case-control serum metabolomics","Unclear","Unclear","Yes","Yes","No","Partial","Unclear","Unclear","No","Serum metabolite biomarkers; CD vs UC; disease-vs-control","PMID and sample counts require verification","Public raw data; Public processed data","Systematic discovery; source checked","https://www.metabolomicsworkbench.org/data/DRCCMetadata.php?StudyID=ST000899","https://doi.org/10.1007/s11306-017-1311-y","Added during systematic public-source discovery; requires deeper row-level verification before analysis use.","Unclear","FALSE","source_checked","TRUE","FALSE","TRUE","FALSE","2026-05-10","Codex systematic public-source discovery","Added during systematic discovery expansion. Source accession and high-level metadata checked from public records or indexed publication/data statements; detailed row-level verification still pending.","https://www.metabolomicsworkbench.org/data/DRCCMetadata.php?StudyID=ST000899","TRUE","TRUE","FALSE","FALSE","FALSE","FALSE","FALSE","FALSE"
"DS056","ST001000 gut microbiome structure and metabolic activity in IBD","IBD stool metabolomics and metagenomics activity resource","ST001000; PRJNA400072","Metabolomics Workbench; NCBI BioProject/SRA","Public archive","Gut microbiome structure and metabolic activity in inflammatory bowel disease","Unclear","10.21228/M85H44","IBD; controls","Human","Stool","Stool/Feces","Metabolomics; Metagenomics","Mass spectrometry metabolomics; sequencing","Stool multi-omics cohort","Unclear","Unclear","Yes","Yes","No","Partial","Unclear","Unclear","No","Host-microbiome integration; stool metabolomics; metagenomics; disease-vs-control","Publication linkage and sample counts require verification","Public raw data; Public processed data","Systematic discovery; source checked","https://www.metabolomicsworkbench.org/data/DRCCMetadata.php?StudyID=ST001000","https://www.ncbi.nlm.nih.gov/bioproject/400072","Added during systematic public-source discovery; requires deeper row-level verification before analysis use.","Unclear","FALSE","source_checked","TRUE","FALSE","TRUE","FALSE","2026-05-10","Codex systematic public-source discovery","Added during systematic discovery expansion. Source accession and high-level metadata checked from public records or indexed publication/data statements; detailed row-level verification still pending.","https://www.metabolomicsworkbench.org/data/DRCCMetadata.php?StudyID=ST001000","TRUE","FALSE","FALSE","FALSE","FALSE","TRUE","FALSE","FALSE"
"DS057","ST002471 PROTECT pediatric UC stool metabolomics","PROTECT; pediatric UC stool metabolomics","ST002471","Metabolomics Workbench","Public archive","Linking microbial genes to plasma and stool metabolites uncovers host-microbial interactions underlying ulcerative colitis disease course","2024","10.1016/j.chom.2023.12.013","UC","Human; PROTECT pediatric UC cohort","Stool","Stool/Feces","Metabolomics","LC-MS","Pediatric UC metabolomics","Unclear","Unclear","Yes","Yes","No","Partial","Unclear","Yes","No","PROTECT stool metabolomics; UC disease course; host-microbial interactions","Companion to ST002470; sample counts require source extraction","Public raw data; Public processed data","Systematic discovery; source checked","https://www.metabolomicsworkbench.org/data/DRCCMetadata.php?StudyID=ST002471","https://doi.org/10.1016/j.chom.2023.12.013","Added during systematic public-source discovery; requires deeper row-level verification before analysis use.","38215740","FALSE","source_checked","TRUE","FALSE","TRUE","FALSE","2026-05-10","Codex systematic public-source discovery","Added during systematic discovery expansion. Source accession and high-level metadata checked from public records or indexed publication/data statements; detailed row-level verification still pending.","https://www.metabolomicsworkbench.org/data/DRCCMetadata.php?StudyID=ST002471","FALSE","FALSE","TRUE","FALSE","FALSE","TRUE","FALSE","FALSE"
"DS058","MSV000082094 UC Bacteroides vulgatus multi-omics","UC gut microbiome Bacteroides vulgatus protease multi-omics","MSV000082094; PRJEB42151; PRJEB42155","MassIVE; ENA","Public archive","Bacteroides vulgatus proteases define a distinct microbiota dysbiosis in ulcerative colitis","2022","10.1038/s41564-021-01050-3","UC; controls","Human","Fecal samples","Stool/Feces","Metagenomics; Metabolomics; Proteomics","Shotgun metagenomics; mass spectrometry","Fecal microbiome multi-omics cohort","Unclear","Unclear","Yes","Yes","No","Partial","Unclear","Unclear","No","UC microbiome; fecal protease biology; host-microbiome integration","Component accession mapping and sample counts require verification","Public raw data; Public processed data","Systematic discovery; source checked","https://massive.ucsd.edu/ProteoSAFe/dataset.jsp?accession=MSV000082094","https://www.nature.com/articles/s41564-021-01050-3","Added during systematic public-source discovery; requires deeper row-level verification before analysis use.","Unclear","FALSE","source_checked","TRUE","FALSE","TRUE","FALSE","2026-05-10","Codex systematic public-source discovery","Added during systematic discovery expansion. Source accession and high-level metadata checked from public records or indexed publication/data statements; detailed row-level verification still pending.","https://massive.ucsd.edu/ProteoSAFe/dataset.jsp?accession=MSV000082094","TRUE","FALSE","FALSE","FALSE","FALSE","TRUE","FALSE","FALSE"
"DS059","MSV000084908 IBD200 fecal metabolomics layer","IBD200 location-specific Crohn fecal metabolomics layer","MSV000084908","MassIVE","Public archive","Location-specific signatures of Crohn disease at a multi-omics scale","2022","10.1186/s40168-022-01331-x","CD; UC; healthy controls","Human; IBD200 cohort","Feces","Stool/Feces","Metabolomics","LC-MS/MS metabolomics","Fecal multi-omics cohort","Unclear","Unclear","Yes","Yes","No","Partial","Unclear","Unclear","No","IBD200 metabolomics; stool biomarkers; multi-omics integration","Related to DS026; retained as distinct metabolomics accession pending harmonization","Public raw data; Public processed data","Systematic discovery; source checked","https://massive.ucsd.edu/ProteoSAFe/dataset.jsp?accession=MSV000084908","https://doi.org/10.1186/s40168-022-01331-x","Added during systematic public-source discovery; requires deeper row-level verification before analysis use.","35999575","FALSE","source_checked","TRUE","FALSE","TRUE","FALSE","2026-05-10","Codex systematic public-source discovery","Added during systematic discovery expansion. Source accession and high-level metadata checked from public records or indexed publication/data statements; detailed row-level verification still pending.","https://massive.ucsd.edu/ProteoSAFe/dataset.jsp?accession=MSV000084908","TRUE","TRUE","FALSE","FALSE","FALSE","TRUE","FALSE","FALSE"
"DS060","GSE87473 moderate-to-severe UC mucosal expression","Moderate-to-severe UC mucosal biopsy expression","GSE87473","GEO","Public archive","Gene expression profiling of mucosal biopsies from pediatric or adult patients with moderately to severely active ulcerative colitis","Unclear","Unclear","UC; controls","Pediatric or adult","Mucosal biopsies","Colon/intestinal mucosa","Bulk transcriptomics","Microarray","UC biopsy expression SuperSeries","Unclear","127","Yes","Yes","No","Partial","Unclear","Unclear","No","UC mucosal expression; disease-vs-control; treatment-response context","SuperSeries/subseries details require verification","Public raw data; Public processed data","Systematic discovery; source checked","https://www.ncbi.nlm.nih.gov/geo/query/acc.cgi?acc=GSE87473","Unclear","Unclear","Unclear","FALSE","source_checked","TRUE","FALSE","TRUE","FALSE","2026-05-10","Codex systematic public-source discovery","Added during systematic discovery expansion from GEO/IBD transcriptomics searches. Source accession and high-level metadata checked; detailed row-level publication/sample verification pending.","https://www.ncbi.nlm.nih.gov/geo/query/acc.cgi?acc=GSE87473","TRUE","FALSE","TRUE","TRUE","FALSE","FALSE","FALSE","FALSE"
"DS061","GSE16879 IBD mucosal infliximab response","IBD mucosal expression before and after first infliximab","GSE16879","GEO","Public archive","Mucosal expression profiling in patients with inflammatory bowel disease before and after first infliximab treatment","Unclear","Unclear","IBD; CD; UC","Human","Mucosal biopsies","Intestinal mucosa","Bulk transcriptomics","Microarray","Before/after infliximab treatment cohort","Unclear","133","Yes","Yes","No","Partial","Unclear","Yes","Yes","Infliximab response; mucosal treatment signatures; CD/UC comparison","Exact disease group counts and publication metadata need verification","Public raw data; Public processed data","Systematic discovery; source checked","https://www.ncbi.nlm.nih.gov/geo/query/acc.cgi?acc=GSE16879","Unclear","Unclear","Unclear","FALSE","source_checked","TRUE","FALSE","TRUE","FALSE","2026-05-10","Codex systematic public-source discovery","Added during systematic discovery expansion from GEO/IBD transcriptomics searches. Source accession and high-level metadata checked; detailed row-level publication/sample verification pending.","https://www.ncbi.nlm.nih.gov/geo/query/acc.cgi?acc=GSE16879","FALSE","TRUE","FALSE","TRUE","FALSE","FALSE","FALSE","FALSE"
"DS062","GSE12251 ACT1 infliximab UC response","ACT1; UC mucosal predictive response to infliximab","GSE12251","GEO","Public archive","A Predictive Response Signature to Infliximab Treatment in Ulcerative Colitis","Unclear","Unclear","UC","Human","Mucosal biopsies","Colon/intestinal mucosa","Bulk transcriptomics","Microarray","Infliximab treatment-response cohort","Unclear","23","Yes","Yes","No","Partial","Unclear","Yes","No","UC infliximab response prediction; treatment biomarkers","Trial/sample metadata need verification","Public raw data; Public processed data","Systematic discovery; source checked","https://www.ncbi.nlm.nih.gov/geo/query/acc.cgi?acc=GSE12251","Unclear","Unclear","Unclear","FALSE","source_checked","TRUE","FALSE","TRUE","FALSE","2026-05-10","Codex systematic public-source discovery","Added during systematic discovery expansion from GEO/IBD transcriptomics searches. Source accession and high-level metadata checked; detailed row-level publication/sample verification pending.","https://www.ncbi.nlm.nih.gov/geo/query/acc.cgi?acc=GSE12251","FALSE","FALSE","FALSE","TRUE","FALSE","FALSE","FALSE","FALSE"
"DS063","GSE14580 UC infliximab response mucosal expression","UC mucosal gene signatures to predict infliximab response","GSE14580","GEO","Public archive","Mucosal gene signatures to predict response to infliximab in patients with ulcerative colitis","Unclear","Unclear","UC","Human","Colonic mucosal biopsies","Colon","Bulk transcriptomics","Microarray","Infliximab treatment-response cohort","Unclear","30","Yes","Yes","No","Partial","Unclear","Yes","No","UC infliximab response; mucosal biomarkers","Detailed response labels need verification","Public raw data; Public processed data","Systematic discovery; source checked","https://www.ncbi.nlm.nih.gov/geo/query/acc.cgi?acc=GSE14580","Unclear","Unclear","Unclear","FALSE","source_checked","TRUE","FALSE","TRUE","FALSE","2026-05-10","Codex systematic public-source discovery","Added during systematic discovery expansion from GEO/IBD transcriptomics searches. Source accession and high-level metadata checked; detailed row-level publication/sample verification pending.","https://www.ncbi.nlm.nih.gov/geo/query/acc.cgi?acc=GSE14580","FALSE","FALSE","FALSE","TRUE","FALSE","FALSE","FALSE","FALSE"
"DS064","GSE52746 Crohn anti-TNF mucosal expression","Crohn intestinal mucosa before and after anti-TNF therapy","GSE52746","GEO","Public archive","Expression data from intestinal mucosa of patients with CD under anti-TNF-alpha therapy","Unclear","Unclear","Crohn disease","Human","Colonic biopsies","Colon/intestinal mucosa","Bulk transcriptomics","Microarray","Before/after anti-TNF treatment cohort","Unclear","39","Yes","Yes","No","Partial","Unclear","Yes","Yes","Crohn anti-TNF response; mucosal expression","Exact therapy/timepoint annotations need verification","Public raw data; Public processed data","Systematic discovery; source checked","https://www.ncbi.nlm.nih.gov/geo/query/acc.cgi?acc=GSE52746","Unclear","Unclear","Unclear","FALSE","source_checked","TRUE","FALSE","TRUE","FALSE","2026-05-10","Codex systematic public-source discovery","Added during systematic discovery expansion from GEO/IBD transcriptomics searches. Source accession and high-level metadata checked; detailed row-level publication/sample verification pending.","https://www.ncbi.nlm.nih.gov/geo/query/acc.cgi?acc=GSE52746","FALSE","FALSE","FALSE","TRUE","FALSE","FALSE","FALSE","FALSE"
"DS065","GSE11223 UC colon epithelial biopsy expression","UC and healthy colon epithelial biopsy expression","GSE11223","GEO","Public archive","Colon biopsies from UC patients and healthy controls","Unclear","Unclear","UC; healthy controls","Human","Colon epithelial biopsies","Colon","Bulk transcriptomics","Microarray","Disease-vs-control colon biopsy expression","Unclear","202","Yes","Yes","No","Partial","Unclear","Unclear","No","UC disease-vs-control; regional colon expression","GI region and sample grouping need verification","Public raw data; Public processed data","Systematic discovery; source checked","https://www.ncbi.nlm.nih.gov/geo/query/acc.cgi?acc=GSE11223","Unclear","Unclear","Unclear","FALSE","source_checked","TRUE","FALSE","TRUE","FALSE","2026-05-10","Codex systematic public-source discovery","Added during systematic discovery expansion from GEO/IBD transcriptomics searches. Source accession and high-level metadata checked; detailed row-level publication/sample verification pending.","https://www.ncbi.nlm.nih.gov/geo/query/acc.cgi?acc=GSE11223","TRUE","FALSE","FALSE","FALSE","FALSE","FALSE","FALSE","FALSE"
"DS066","GSE4183 colon inflammation adenoma cancer IBD expression","Colon biopsy expression including IBD inflammation","GSE4183","GEO","Public archive","Inflammation, adenoma and cancer: objective classification of colon biopsy specimens with gene expression signature","Unclear","Unclear","IBD/inflammation; adenoma; colorectal cancer; controls","Human","Colon biopsy specimens","Colon","Bulk transcriptomics","Microarray","Colon disease classification cohort","Unclear","53","Yes","Yes","No","Partial","Unclear","No","No","Inflammation signatures; IBD-like colon inflammation comparison","Mixed non-IBD colon disease cohort; IBD-specific labels need verification before IBD analysis","Public raw data; Public processed data","Systematic discovery; source checked","https://www.ncbi.nlm.nih.gov/geo/query/acc.cgi?acc=GSE4183","Unclear","Unclear","Unclear","FALSE","source_checked","TRUE","FALSE","TRUE","FALSE","2026-05-10","Codex systematic public-source discovery","Added during systematic discovery expansion from GEO/IBD transcriptomics searches. Source accession and high-level metadata checked; detailed row-level publication/sample verification pending.","https://www.ncbi.nlm.nih.gov/geo/query/acc.cgi?acc=GSE4183","TRUE","FALSE","FALSE","FALSE","FALSE","FALSE","FALSE","FALSE"
"DS067","GSE38713 UC active and inactive mucosa expression","UC intestinal mucosa active/inactive expression","GSE38713","GEO","Public archive","Expression data from intestinal mucosa of patients with UC","Unclear","Unclear","Active UC; inactive UC; non-inflammatory controls","Human","Colonic biopsies","Colon","Bulk transcriptomics","Microarray","Disease activity mucosal expression cohort","Unclear","43","Yes","Yes","No","Partial","Unclear","Unclear","No","UC activity signatures; disease-vs-control","Detailed histology/activity labels need verification","Public raw data; Public processed data","Systematic discovery; source checked","https://www.ncbi.nlm.nih.gov/geo/query/acc.cgi?acc=GSE38713","Unclear","Unclear","Unclear","FALSE","source_checked","TRUE","FALSE","TRUE","FALSE","2026-05-10","Codex systematic public-source discovery","Added during systematic discovery expansion from GEO/IBD transcriptomics searches. Source accession and high-level metadata checked; detailed row-level publication/sample verification pending.","https://www.ncbi.nlm.nih.gov/geo/query/acc.cgi?acc=GSE38713","TRUE","FALSE","FALSE","FALSE","FALSE","FALSE","FALSE","FALSE"
"DS068","GSE3365 PBMC expression in IBD","PBMC transcriptional profiles in Crohn, UC, and healthy subjects","GSE3365","GEO","Public archive","Comparison of PBMCs in Inflammatory Bowel Disease","Unclear","Unclear","Crohn disease; UC; healthy controls","Human","PBMC","Blood","Bulk transcriptomics","Microarray","Peripheral blood disease-vs-control cohort","Unclear","127","Yes","Yes","No","Partial","Unclear","Unclear","No","Blood transcriptomics; CD vs UC; disease-vs-control","Older microarray; sample annotation requires verification","Public raw data; Public processed data","Systematic discovery; source checked","https://www.ncbi.nlm.nih.gov/geo/query/acc.cgi?acc=GSE3365","Unclear","Unclear","Unclear","FALSE","source_checked","TRUE","FALSE","TRUE","FALSE","2026-05-10","Codex systematic public-source discovery","Added during systematic discovery expansion from GEO/IBD transcriptomics searches. Source accession and high-level metadata checked; detailed row-level publication/sample verification pending.","https://www.ncbi.nlm.nih.gov/geo/query/acc.cgi?acc=GSE3365","TRUE","TRUE","FALSE","FALSE","FALSE","FALSE","FALSE","FALSE"
"DS069","GSE107865 PBMC infliximab response in Crohn","Crohn PBMC expression before infliximab therapy","GSE107865","GEO","Public archive","PBMC gene expression from Crohn disease patients before Infliximab therapy","Unclear","Unclear","Crohn disease","Human","PBMC","Blood","Bulk transcriptomics","Microarray","Baseline infliximab response blood cohort","Unclear","22","Yes","Yes","No","Partial","Unclear","Yes","No","Blood biomarkers of infliximab response; Crohn treatment response","Validation cohort context and responder labels need verification","Public raw data; Public processed data","Systematic discovery; source checked","https://www.ncbi.nlm.nih.gov/geo/query/acc.cgi?acc=GSE107865","Unclear","Unclear","Unclear","FALSE","source_checked","TRUE","FALSE","TRUE","FALSE","2026-05-10","Codex systematic public-source discovery","Added during systematic discovery expansion from GEO/IBD transcriptomics searches. Source accession and high-level metadata checked; detailed row-level publication/sample verification pending.","https://www.ncbi.nlm.nih.gov/geo/query/acc.cgi?acc=GSE107865","FALSE","FALSE","FALSE","TRUE","TRUE","FALSE","FALSE","FALSE"
"DS070","GSE116222 UC colonic epithelial single-cell atlas","Colonic single epithelial cell census reveals goblet cell drivers of barrier breakdown in inflammatory bowel disease","GSE116222","GEO","Public archive","Colonic epithelial cell diversity in health and inflammatory bowel disease","2019","10.1038/s41586-019-0992-y","Ulcerative colitis; healthy controls","Human","Colonic epithelial cells from biopsies","Colon","Single-cell transcriptomics","10x Chromium scRNA-seq; Illumina NovaSeq 6000","Cross-sectional single-cell cohort","Unclear","9 GEO samples","Yes","Yes","No","Yes","Unclear","Unclear","No","UC epithelial cell atlas; inflamed vs adjacent non-inflamed colon; epithelial disease-control states; deconvolution reference","Subject count not directly stated in GEO series record","Public raw data; Public processed data","Resource coverage promotion; source checked","https://www.ncbi.nlm.nih.gov/geo/query/acc.cgi?acc=GSE116222","https://doi.org/10.1038/s41586-019-0992-y","Promoted from scIBD/Gut Cell Atlas coverage audit. GEO links PMID 30814735, BioProject PRJNA477814, SRA SRP151260, and processed expression matrix.","30814735","TRUE","source_checked","TRUE","TRUE","TRUE","TRUE","2026-05-10","Codex resource coverage audit","Verified against GEO source record and publication DOI. Subject count remains unclear from the GEO series page; sample/library count is recorded instead.","https://www.ncbi.nlm.nih.gov/geo/query/acc.cgi?acc=GSE116222; https://doi.org/10.1038/s41586-019-0992-y","TRUE","FALSE","FALSE","FALSE","FALSE","FALSE","TRUE","FALSE"
"DS071","GSE114374 UC colonic mesenchyme single-cell atlas","Composition of the colonic mesenchyme and the nature of its plasticity in inflammatory bowel disease","GSE114374","GEO","Public archive","Structural Remodeling of the Human Colonic Mesenchyme in Inflammatory Bowel Disease","2018","10.1016/j.cell.2018.08.067","Ulcerative colitis; healthy controls","Adult human; mouse data also present","Colonic mesenchyme cells","Colon","Single-cell transcriptomics","10x Chromium scRNA-seq; HiSeq 4000","Cross-sectional single-cell cohort","4 human subjects","4 human samples; 10 GEO samples total including mouse","Yes","Yes","No","Yes","Unclear","Unclear","No","UC stromal and mesenchymal cell atlas; fibroblast remodeling; deconvolution reference","Mixed human and mouse GEO series; human subset should be separated before formal reuse","Public raw data; Public processed data","Resource coverage promotion; source checked","https://www.ncbi.nlm.nih.gov/geo/query/acc.cgi?acc=GSE114374","https://doi.org/10.1016/j.cell.2018.08.067","Promoted from scIBD/Gut Cell Atlas coverage audit. GEO design states 2 healthy and 2 UC human patients plus mouse DSS/healthy samples; processed human expression matrices present.","30270042","TRUE","source_checked","TRUE","TRUE","TRUE","TRUE","2026-05-10","Codex resource coverage audit","Verified against GEO source record and publication DOI. Human subset is relevant to IBD; mixed-species structure is flagged as a limitation.","https://www.ncbi.nlm.nih.gov/geo/query/acc.cgi?acc=GSE114374; https://doi.org/10.1016/j.cell.2018.08.067","TRUE","FALSE","FALSE","FALSE","FALSE","FALSE","TRUE","FALSE"
"DS072","GSE148837 UC colonic CD8 T-cell single-cell atlas","Single-cell profiling reveals colonic CD8 topography in IBD","GSE148837","GEO","Public archive","Single-cell atlas of colonic CD8+ T cells in ulcerative colitis","2020","10.1038/s41591-020-1003-4","Ulcerative colitis; healthy controls","Human","Sorted colonic CD8 T cells","Colon","Single-cell transcriptomics; TCR-seq; CITE-seq","10x Genomics single-cell RNA-seq; TCR-seq; CITE-seq","Cross-sectional single-cell cohort","Unclear","20 GEO samples","Yes","Yes","No","Yes","Unclear","Unclear","No","UC immune-cell states; colonic CD8 T-cell atlas; paired gene expression/TCR/CITE-seq analysis; deconvolution reference","Subject count not directly stated in GEO series record; CD8 T-cell-enriched rather than whole-tissue atlas","Public raw data; Public processed data","Resource coverage promotion; source checked","https://www.ncbi.nlm.nih.gov/geo/query/acc.cgi?acc=GSE148837","https://doi.org/10.1038/s41591-020-1003-4","Promoted from scIBD coverage audit. GEO links PMID 32747828, BioProject PRJNA625939, SRA SRP256905, RAW tar, pool files, and CITE-seq metadata.","32747828","TRUE","source_checked","TRUE","TRUE","TRUE","TRUE","2026-05-10","Codex resource coverage audit","Verified against GEO source record and publication DOI. Sample/library count is recorded; subject count remains unclear from source page.","https://www.ncbi.nlm.nih.gov/geo/query/acc.cgi?acc=GSE148837; https://doi.org/10.1038/s41591-020-1003-4","TRUE","FALSE","FALSE","FALSE","FALSE","FALSE","TRUE","FALSE"
"DS073","SCP259 UC colon single-cell rewiring atlas","Intra- and inter-cellular rewiring of the human colon during ulcerative colitis","SCP259","Single Cell Portal","Public single-cell portal","Intra- and Inter-cellular Rewiring of the Human Colon during Ulcerative Colitis","2019","10.1016/j.cell.2019.06.029","Ulcerative colitis; healthy controls","Adult human","Colon mucosa cells: epithelial, immune, stromal","Colon mucosa","Single-cell transcriptomics","Single-cell RNA-seq","Cross-sectional single-cell cohort","30 subjects","365492 cells in Single Cell Portal record","Unclear","Yes","No","Yes","Unclear","Unclear","No","UC colon atlas; epithelial, stromal, and immune cell states; cell-cell interaction analysis; GWAS risk mapping; deconvolution reference","Single Cell Portal exposes processed matrices and metadata; raw FASTQ availability was not confirmed from the source record","Public processed data","Resource coverage promotion; source checked","https://singlecell.broadinstitute.org/single_cell/study/SCP259","https://doi.org/10.1016/j.cell.2019.06.029","Promoted from scIBD coverage audit. Single Cell Portal states 18 UC patients and 12 healthy individuals, colon mucosa, public study files including matrices, barcodes, genes, tSNE, and metadata.","Unclear","FALSE","source_checked","TRUE","TRUE","TRUE","TRUE","2026-05-10","Codex resource coverage audit","Verified against Single Cell Portal API/source record and publication DOI. PMID should be filled after PubMed confirmation.","https://singlecell.broadinstitute.org/single_cell/api/v1/site/studies/SCP259; https://doi.org/10.1016/j.cell.2019.06.029","TRUE","FALSE","FALSE","FALSE","FALSE","FALSE","TRUE","FALSE"
"DS074","GSE157477 Crohn intestinal T-cell single-cell atlas","ScRNAseq of human IEL and LPL T lymphocytes","GSE157477","GEO","Public archive","Single-cell analyses of Crohn's disease tissues reveal intestinal intraepithelial T cells heterogeneity and altered subset distributions","2021","10.1038/s41467-021-22164-6","Crohn disease; controls","Adult human","Sorted intestinal T cells; IEL and lamina propria compartments","Intestine","Single-cell transcriptomics","10x Genomics scRNA-seq; Illumina NovaSeq 6000","Cross-sectional single-cell cohort","4 subjects","11 GEO samples","Yes","Yes","No","Yes","Unclear","Unclear","No","Crohn intestinal T-cell heterogeneity; IEL vs lamina propria T-cell states; deconvolution reference","Small subject count; T-cell-enriched rather than whole-tissue atlas","Public raw data; Public processed data","Resource coverage promotion; source checked","https://www.ncbi.nlm.nih.gov/geo/query/acc.cgi?acc=GSE157477","https://doi.org/10.1038/s41467-021-22164-6","Promoted from scIBD/Gut Cell Atlas coverage audit. GEO states T cells from 2 control and 2 Crohn disease patients; BioProject PRJNA661452, SRA SRP280092, RAW tar present.","33771991","TRUE","source_checked","TRUE","TRUE","TRUE","TRUE","2026-05-10","Codex resource coverage audit","Verified against GEO source record and publication DOI. Small, enriched-cell cohort flagged as a limitation.","https://www.ncbi.nlm.nih.gov/geo/query/acc.cgi?acc=GSE157477; https://doi.org/10.1038/s41467-021-22164-6","TRUE","FALSE","FALSE","FALSE","FALSE","FALSE","TRUE","FALSE"
"DS075","SDY1765 cross-tissue inflammatory fibroblast single-cell atlas","Cross-tissue, single-cell stromal atlas identifies shared pathological fibroblast phenotypes in four chronic inflammatory diseases","SDY1765","ImmPort","Public immunology repository","Cross-tissue, single-cell stromal atlas identifies shared pathological fibroblast phenotypes in four chronic inflammatory diseases","2022","10.1016/j.medj.2022.05.002","Ulcerative colitis; rheumatoid arthritis; osteoarthritis; Sjogren's syndrome; idiopathic pulmonary fibrosis; interstitial lung disease; keratoconjunctivitis sicca","Human","Patient-derived fibroblasts / stromal cells","Gut plus synovium, lung, lip/salivary gland","Single-cell transcriptomics","RNA sequencing; ImmPort experiment EXP32680","84 subjects","420 RNA-seq experiment samples","Unclear","Unclear","No","Yes","Unclear","Unclear","Unclear","UC stromal and fibroblast states; cross-tissue inflammatory fibroblast phenotypes; deconvolution reference","Not IBD-only; ImmPort source title differs from earlier scIBD coverage wording; raw vs processed file status not resolved from summary endpoint","Public repository record","Resource coverage promotion; source checked","https://www.immport.org/shared/study/SDY1765","https://doi.org/10.1016/j.medj.2022.05.002","Promoted from scIBD coverage audit. ImmPort summary gives SDY1765 title, conditions including UC, 84 subjects, complete data status, and RNA sequencing experiment with 420 samples.","35649411","TRUE","source_checked","TRUE","TRUE","TRUE","TRUE","2026-05-10","Codex resource coverage audit","Verified against ImmPort study summary and publication DOI. Because the study is cross-disease, formal IBD reuse should isolate UC gut/stromal components.","https://www.immport.org/shared/data/query/ui/study/summary/SDY1765; https://doi.org/10.1016/j.medj.2022.05.002","TRUE","FALSE","FALSE","FALSE","FALSE","FALSE","TRUE","FALSE"
"DS076","GSE121380 pediatric colitis and IBD mucosal single-cell atlas","Mucosal profiling of pediatric-onset colitis and IBD reveals common pathogenics and therapeutic pathways","GSE121380","GEO","Public archive","Mucosal Profiling of Pediatric-Onset Colitis and IBD Reveals Common Pathogenics and Therapeutic Pathways","2019","10.1016/j.cell.2019.10.027","Pediatric-onset colitis; Crohn disease; ulcerative colitis; IBD","Pediatric","Single-cell suspensions from colonic biopsies; sorted immune and non-immune fractions","Colon mucosa","Single-cell transcriptomics","10x Chromium 5 prime and 3 prime scRNA-seq; Illumina HiSeq X Ten","Cross-sectional pediatric single-cell cohort","8 patients","13 GEO samples/libraries","Yes","Yes","No","Yes","Unclear","Unclear","No","Pediatric IBD and colitis mucosal atlas; disease-subtype comparison; therapeutic pathway discovery; deconvolution reference","Pooled-cell libraries in part of design; sample/library count is not equivalent to independent subjects","Public raw data; Public processed data","Resource coverage promotion; source checked","https://www.ncbi.nlm.nih.gov/geo/query/acc.cgi?acc=GSE121380","https://doi.org/10.1016/j.cell.2019.10.027","Promoted from scIBD/Gut Cell Atlas coverage audit. GEO design states colonic biopsies from eight patients, FACS-sorted libraries, BioProject PRJNA497217, SRA SRP165969, raw and normalized expression files.","31730855","TRUE","source_checked","TRUE","TRUE","TRUE","TRUE","2026-05-10","Codex resource coverage audit","Verified against GEO source record and publication DOI. Pediatric cohort and pooled-library caveat retained.","https://www.ncbi.nlm.nih.gov/geo/query/acc.cgi?acc=GSE121380; https://doi.org/10.1016/j.cell.2019.10.027","TRUE","TRUE","TRUE","FALSE","FALSE","FALSE","TRUE","FALSE"
